cx,cy,r,stroke-width,stroke,fill,label
872.0787368336514,284.65961805915805,2.5,0.5,"rgb(200,200,200)","rgb(230,0,0)",0
856.5007796951129,314.4893867997295,2.5,0.5,"rgb(200,200,200)","rgb(230,0,0)",0
724.4212730870609,294.95565558765367,2.5,0.5,"rgb(200,200,200)","rgb(230,0,0)",0
862.6737429168363,280.9916676713909,2.5,0.5,"rgb(200,200,200)","rgb(230,0,0)",0
1030.3635709556718,257.6190550624499,2.5,0.5,"rgb(200,200,200)","rgb(230,0,0)",0
839.7748502412694,194.32341919628283,2.5,0.5,"rgb(200,200,200)","rgb(230,0,0)",0
895.6901693274876,307.7239620075733,2.5,0.5,"rgb(200,200,200)","rgb(230,0,0)",0
441.62345525783786,292.42848319784247,2.5,0.5,"rgb(200,200,200)","rgb(230,0,0)",0
900.7060926264066,245.8213136075655,2.5,0.5,"rgb(200,200,200)","rgb(230,0,0)",0
796.7422651687974,324.1017464777343,2.5,0.5,"rgb(200,200,200)","rgb(230,0,0)",0
916.7143604652116,285.9887601192168,2.5,0.5,"rgb(200,200,200)","rgb(230,0,0)",0
780.6118040782736,248.31201373996674,2.5,0.5,"rgb(200,200,200)","rgb(230,0,0)",0
945.3703115115543,258.9718469536364,2.5,0.5,"rgb(200,200,200)","rgb(230,0,0)",0
521.9044250405079,263.088840161309,2.5,0.5,"rgb(200,200,200)","rgb(230,0,0)",0
882.1315011853472,207.9220098587304,2.5,0.5,"rgb(200,200,200)","rgb(230,0,0)",0
731.814988549577,243.60198765108854,2.5,0.5,"rgb(200,200,200)","rgb(230,0,0)",0
1017.9368919157714,325.1872280554333,2.5,0.5,"rgb(200,200,200)","rgb(230,0,0)",0
924.1778806190184,338.6144833341509,2.5,0.5,"rgb(200,200,200)","rgb(230,0,0)",0
676.5796116703034,234.56641100280308,2.5,0.5,"rgb(200,200,200)","rgb(230,0,0)",0
861.9992803890215,277.29578338132944,2.5,0.5,"rgb(200,200,200)","rgb(230,0,0)",0
918.5799322731302,218.88789473182578,2.5,0.5,"rgb(200,200,200)","rgb(230,0,0)",0
769.9875336851215,292.87322750747404,2.5,0.5,"rgb(200,200,200)","rgb(230,0,0)",0
822.962216137744,315.6589962177287,2.5,0.5,"rgb(200,200,200)","rgb(230,0,0)",0
487.7762090835464,209.3924306421447,2.5,0.5,"rgb(200,200,200)","rgb(230,0,0)",0
613.8883195398328,184.49148733437775,2.5,0.5,"rgb(200,200,200)","rgb(230,0,0)",0
721.5964977887148,232.35825673647065,2.5,0.5,"rgb(200,200,200)","rgb(230,0,0)",0
462.7124315985094,185.49226809388796,2.5,0.5,"rgb(200,200,200)","rgb(230,0,0)",0
748.9450046962281,242.09947346627752,2.5,0.5,"rgb(200,200,200)","rgb(230,0,0)",0
439.3760871691178,275.0823096740645,2.5,0.5,"rgb(200,200,200)","rgb(230,0,0)",0
681.6099776444223,270.7404166869058,2.5,0.5,"rgb(200,200,200)","rgb(230,0,0)",0
333.1917118459996,181.30106380024424,2.5,0.5,"rgb(200,200,200)","rgb(230,0,0)",0
988.5233969842571,271.3119722941366,2.5,0.5,"rgb(200,200,200)","rgb(230,0,0)",0
1170.8757960847706,285.04505920919996,2.5,0.5,"rgb(200,200,200)","rgb(230,0,0)",0
842.7202072513257,222.75846619725226,2.5,0.5,"rgb(200,200,200)","rgb(230,0,0)",0
1141.2937171146746,305.5500361513208,2.5,0.5,"rgb(200,200,200)","rgb(230,0,0)",0
864.414581231893,225.4490493707071,2.5,0.5,"rgb(200,200,200)","rgb(230,0,0)",0
802.751541636549,225.7319540535108,2.5,0.5,"rgb(200,200,200)","rgb(230,0,0)",0
862.4909229932382,280.9810494951833,2.5,0.5,"rgb(200,200,200)","rgb(230,0,0)",0
1130.3001341155023,310.4223711870324,2.5,0.5,"rgb(200,200,200)","rgb(230,0,0)",0
1203.0298382275178,272.8323814387644,2.5,0.5,"rgb(200,200,200)","rgb(230,0,0)",0
1002.440993748239,290.4377228208162,2.5,0.5,"rgb(200,200,200)","rgb(230,0,0)",0
892.5950492802867,261.631410762719,2.5,0.5,"rgb(200,200,200)","rgb(230,0,0)",0
829.275743031077,266.3202319701857,2.5,0.5,"rgb(200,200,200)","rgb(230,0,0)",0
833.87281520797,183.77070073642736,2.5,0.5,"rgb(200,200,200)","rgb(230,0,0)",0
846.4386701985516,284.44876430550875,2.5,0.5,"rgb(200,200,200)","rgb(230,0,0)",0
989.070249605002,264.4847072180201,2.5,0.5,"rgb(200,200,200)","rgb(230,0,0)",0
965.8769690352899,255.92834264285588,2.5,0.5,"rgb(200,200,200)","rgb(230,0,0)",0
747.8169001371758,270.4598854192452,2.5,0.5,"rgb(200,200,200)","rgb(230,0,0)",0
864.5545448360175,269.4474593583564,2.5,0.5,"rgb(200,200,200)","rgb(230,0,0)",0
606.3475015266401,174.21864049095328,2.5,0.5,"rgb(200,200,200)","rgb(230,0,0)",0
984.643985284647,236.49590367808406,2.5,0.5,"rgb(200,200,200)","rgb(230,0,0)",0
764.1385985379052,287.83106419004355,2.5,0.5,"rgb(200,200,200)","rgb(230,0,0)",0
901.1801114904476,250.2514537022069,2.5,0.5,"rgb(200,200,200)","rgb(230,0,0)",0
582.6454096429982,193.09558965978195,2.5,0.5,"rgb(200,200,200)","rgb(230,0,0)",0
891.890664327026,284.3630676820136,2.5,0.5,"rgb(200,200,200)","rgb(230,0,0)",0
937.4750210221997,230.29137865078937,2.5,0.5,"rgb(200,200,200)","rgb(230,0,0)",0
638.564031491674,159.41124630468047,2.5,0.5,"rgb(200,200,200)","rgb(230,0,0)",0
715.9826823266492,144.66955121177028,2.5,0.5,"rgb(200,200,200)","rgb(230,0,0)",0
811.4288690418941,308.3099980778617,2.5,0.5,"rgb(200,200,200)","rgb(230,0,0)",0
766.9616377100215,186.76723292147284,2.5,0.5,"rgb(200,200,200)","rgb(230,0,0)",0
784.5579889433151,278.1856794534938,2.5,0.5,"rgb(200,200,200)","rgb(230,0,0)",0
970.2886445894146,281.3318829899622,2.5,0.5,"rgb(200,200,200)","rgb(230,0,0)",0
943.2850423710003,210.54802963244225,2.5,0.5,"rgb(200,200,200)","rgb(230,0,0)",0
672.7563104669938,229.9901789952135,2.5,0.5,"rgb(200,200,200)","rgb(230,0,0)",0
688.4470670284933,180.59360663128624,2.5,0.5,"rgb(200,200,200)","rgb(230,0,0)",0
625.8799613318557,241.04341427617413,2.5,0.5,"rgb(200,200,200)","rgb(230,0,0)",0
688.6182546627917,185.17004517503813,2.5,0.5,"rgb(200,200,200)","rgb(230,0,0)",0
1037.8435453967788,321.6898866268178,2.5,0.5,"rgb(200,200,200)","rgb(230,0,0)",0
1052.0813443245484,298.63717536612137,2.5,0.5,"rgb(200,200,200)","rgb(230,0,0)",0
871.7206454452219,185.2042026112319,2.5,0.5,"rgb(200,200,200)","rgb(230,0,0)",0
920.7069713845456,251.26685425639783,2.5,0.5,"rgb(200,200,200)","rgb(230,0,0)",0
705.9640513128294,336.8363813023022,2.5,0.5,"rgb(200,200,200)","rgb(230,0,0)",0
948.2167135258456,324.7219687811885,2.5,0.5,"rgb(200,200,200)","rgb(230,0,0)",0
1076.658520192836,324.6869287394549,2.5,0.5,"rgb(200,200,200)","rgb(230,0,0)",0
937.4619146737238,297.29596179420804,2.5,0.5,"rgb(200,200,200)","rgb(230,0,0)",0
650.5583837417654,187.62028131275605,2.5,0.5,"rgb(200,200,200)","rgb(230,0,0)",0
1040.8983169411804,322.97578647151,2.5,0.5,"rgb(200,200,200)","rgb(230,0,0)",0
988.691782291143,303.4391653814263,2.5,0.5,"rgb(200,200,200)","rgb(230,0,0)",0
824.7644143728118,350.14217799597645,2.5,0.5,"rgb(200,200,200)","rgb(230,0,0)",0
697.8162492784735,224.50904062783133,2.5,0.5,"rgb(200,200,200)","rgb(230,0,0)",0
967.4517601838212,262.90778576346145,2.5,0.5,"rgb(200,200,200)","rgb(230,0,0)",0
939.8420964299364,319.1909931278798,2.5,0.5,"rgb(200,200,200)","rgb(230,0,0)",0
1017.907429871431,234.79866404395034,2.5,0.5,"rgb(200,200,200)","rgb(230,0,0)",0
977.2098470916466,294.8580175133043,2.5,0.5,"rgb(200,200,200)","rgb(230,0,0)",0
808.2607069544988,303.40981357974414,2.5,0.5,"rgb(200,200,200)","rgb(230,0,0)",0
724.1406116555221,145.62068609293732,2.5,0.5,"rgb(200,200,200)","rgb(230,0,0)",0
667.6500781716311,229.45667957066394,2.5,0.5,"rgb(200,200,200)","rgb(230,0,0)",0
649.289060394917,242.22081107825426,2.5,0.5,"rgb(200,200,200)","rgb(230,0,0)",0
985.1465966549488,297.2055766730074,2.5,0.5,"rgb(200,200,200)","rgb(230,0,0)",0
464.408123434311,250.4438951377249,2.5,0.5,"rgb(200,200,200)","rgb(230,0,0)",0
968.1960501424692,212.81034230182846,2.5,0.5,"rgb(200,200,200)","rgb(230,0,0)",0
699.2845029794713,177.97473415566168,2.5,0.5,"rgb(200,200,200)","rgb(230,0,0)",0
656.3332697689455,256.3088446181572,2.5,0.5,"rgb(200,200,200)","rgb(230,0,0)",0
703.0199117786539,264.2003386809946,2.5,0.5,"rgb(200,200,200)","rgb(230,0,0)",0
750.1592270729885,263.339009156826,2.5,0.5,"rgb(200,200,200)","rgb(230,0,0)",0
503.2195052721452,206.58197461731433,2.5,0.5,"rgb(200,200,200)","rgb(230,0,0)",0
728.6486874003455,251.5817564000262,2.5,0.5,"rgb(200,200,200)","rgb(230,0,0)",0
696.1437823921544,208.6685462757764,2.5,0.5,"rgb(200,200,200)","rgb(230,0,0)",0
595.151698672878,273.7997480755441,2.5,0.5,"rgb(200,200,200)","rgb(230,0,0)",0
788.8281262948439,217.83546109445848,2.5,0.5,"rgb(200,200,200)","rgb(230,0,0)",0
54.74794066417867,384.725882844955,2.5,0.5,"rgb(200,200,200)","rgb(255,128,51)",1
143.67483246008328,251.1204347134848,2.5,0.5,"rgb(200,200,200)","rgb(255,128,51)",1
93.96337645630247,233.80062489332659,2.5,0.5,"rgb(200,200,200)","rgb(255,128,51)",1
90.46295060737775,255.84348596740242,2.5,0.5,"rgb(200,200,200)","rgb(255,128,51)",1
44.57270988915989,371.3429379605608,2.5,0.5,"rgb(200,200,200)","rgb(255,128,51)",1
325.20609440053926,279.96263361984046,2.5,0.5,"rgb(200,200,200)","rgb(255,128,51)",1
54.699413673318396,287.73917373104325,2.5,0.5,"rgb(200,200,200)","rgb(255,128,51)",1
79.18104895119477,408.617007700675,2.5,0.5,"rgb(200,200,200)","rgb(255,128,51)",1
35.22362826537396,333.5788657150032,2.5,0.5,"rgb(200,200,200)","rgb(255,128,51)",1
333.4352446119231,291.3209843115988,2.5,0.5,"rgb(200,200,200)","rgb(255,128,51)",1
74.03566909371712,262.700977320709,2.5,0.5,"rgb(200,200,200)","rgb(255,128,51)",1
49.340846475414764,396.4795672445139,2.5,0.5,"rgb(200,200,200)","rgb(255,128,51)",1
41.76804572093356,348.7285110684902,2.5,0.5,"rgb(200,200,200)","rgb(255,128,51)",1
29.388246628572507,319.8564781998928,2.5,0.5,"rgb(200,200,200)","rgb(255,128,51)",1
98.91885461672555,265.14516332016103,2.5,0.5,"rgb(200,200,200)","rgb(255,128,51)",1
142.28225528730627,220.6623454701657,2.5,0.5,"rgb(200,200,200)","rgb(255,128,51)",1
75.98537345599384,407.2161368960113,2.5,0.5,"rgb(200,200,200)","rgb(255,128,51)",1
52.51970296268187,272.267173810542,2.5,0.5,"rgb(200,200,200)","rgb(255,128,51)",1
89.48669192156771,440.57272356358544,2.5,0.5,"rgb(200,200,200)","rgb(255,128,51)",1
69.66117211358505,281.15121067940544,2.5,0.5,"rgb(200,200,200)","rgb(255,128,51)",1
89.83274453911777,318.1828753502848,2.5,0.5,"rgb(200,200,200)","rgb(255,128,51)",1
272.01563430452364,184.47320698999619,2.5,0.5,"rgb(200,200,200)","rgb(255,128,51)",1
99.37848992429167,324.58277161578496,2.5,0.5,"rgb(200,200,200)","rgb(255,128,51)",1
51.28213435093657,291.79661751854076,2.5,0.5,"rgb(200,200,200)","rgb(255,128,51)",1
48.812806793181245,368.748743349528,2.5,0.5,"rgb(200,200,200)","rgb(255,128,51)",1
105.2360369262074,253.0915494574775,2.5,0.5,"rgb(200,200,200)","rgb(255,128,51)",1
164.53462208383144,241.11011503793983,2.5,0.5,"rgb(200,200,200)","rgb(255,128,51)",1
63.69572580004619,369.32299014251674,2.5,0.5,"rgb(200,200,200)","rgb(255,128,51)",1
83.28723029442449,420.1058578598478,2.5,0.5,"rgb(200,200,200)","rgb(255,128,51)",1
55.98956636987505,325.6709436587959,2.5,0.5,"rgb(200,200,200)","rgb(255,128,51)",1
68.23263494525472,351.0321653812084,2.5,0.5,"rgb(200,200,200)","rgb(255,128,51)",1
394.7987925713324,256.4639517438127,2.5,0.5,"rgb(200,200,200)","rgb(255,128,51)",1
63.17156870257513,352.73174128178727,2.5,0.5,"rgb(200,200,200)","rgb(255,128,51)",1
175.44036314044052,254.87073824111332,2.5,0.5,"rgb(200,200,200)","rgb(255,128,51)",1
36.14569781894693,337.139473640515,2.5,0.5,"rgb(200,200,200)","rgb(255,128,51)",1
70.5463711625899,372.6527478015027,2.5,0.5,"rgb(200,200,200)","rgb(255,128,51)",1
94.31095317410659,276.2101238488996,2.5,0.5,"rgb(200,200,200)","rgb(255,128,51)",1
47.32957889325958,283.51386682272926,2.5,0.5,"rgb(200,200,200)","rgb(255,128,51)",1
42.79139105578506,345.71305818641787,2.5,0.5,"rgb(200,200,200)","rgb(255,128,51)",1
67.32751589535056,379.7083602338401,2.5,0.5,"rgb(200,200,200)","rgb(255,128,51)",1
60.62429272169875,278.14126099344367,2.5,0.5,"rgb(200,200,200)","rgb(255,128,51)",1
39.7929367503044,388.49722233648856,2.5,0.5,"rgb(200,200,200)","rgb(255,128,51)",1
43.60441725488435,376.97370379922233,2.5,0.5,"rgb(200,200,200)","rgb(255,128,51)",1
59.311762304103055,379.3545492465935,2.5,0.5,"rgb(200,200,200)","rgb(255,128,51)",1
59.4557927750523,411.3066966191412,2.5,0.5,"rgb(200,200,200)","rgb(255,128,51)",1
35.63123045540724,376.87287649256797,2.5,0.5,"rgb(200,200,200)","rgb(255,128,51)",1
129.81176944954527,235.51115240399554,2.5,0.5,"rgb(200,200,200)","rgb(255,128,51)",1
93.59426154375119,278.4231515339266,2.5,0.5,"rgb(200,200,200)","rgb(255,128,51)",1
132.26322429258698,282.84531515019455,2.5,0.5,"rgb(200,200,200)","rgb(255,128,51)",1
180.42900714992862,247.88658962878313,2.5,0.5,"rgb(200,200,200)","rgb(255,128,51)",1
55.53069892149974,401.22715694242544,2.5,0.5,"rgb(200,200,200)","rgb(255,128,51)",1
121.46288304415762,261.5428087956526,2.5,0.5,"rgb(200,200,200)","rgb(255,128,51)",1
164.5501840271291,243.9558111356108,2.5,0.5,"rgb(200,200,200)","rgb(255,128,51)",1
52.55472032067796,288.89377580998257,2.5,0.5,"rgb(200,200,200)","rgb(255,128,51)",1
0.0,319.06785550051234,2.5,0.5,"rgb(200,200,200)","rgb(255,128,51)",1
66.33391586212056,389.7210357721466,2.5,0.5,"rgb(200,200,200)","rgb(255,128,51)",1
70.13114888439858,403.13714789533014,2.5,0.5,"rgb(200,200,200)","rgb(255,128,51)",1
123.21770975333565,310.83741601868206,2.5,0.5,"rgb(200,200,200)","rgb(255,128,51)",1
57.96358028147788,253.13112973947673,2.5,0.5,"rgb(200,200,200)","rgb(255,128,51)",1
25.58815303469578,374.5668687358817,2.5,0.5,"rgb(200,200,200)","rgb(255,128,51)",1
47.71227663260565,306.66751899988566,2.5,0.5,"rgb(200,200,200)","rgb(255,128,51)",1
222.40827595022674,240.5211431067268,2.5,0.5,"rgb(200,200,200)","rgb(255,128,51)",1
53.929282374816104,371.96003431359514,2.5,0.5,"rgb(200,200,200)","rgb(255,128,51)",1
103.64371199800266,253.85843372099112,2.5,0.5,"rgb(200,200,200)","rgb(255,128,51)",1
129.90058930040982,334.7192389060682,2.5,0.5,"rgb(200,200,200)","rgb(255,128,51)",1
54.70083520891289,387.29272492620265,2.5,0.5,"rgb(200,200,200)","rgb(255,128,51)",1
51.885028722494006,377.4200266945184,2.5,0.5,"rgb(200,200,200)","rgb(255,128,51)",1
56.12613252386036,379.58997316118877,2.5,0.5,"rgb(200,200,200)","rgb(255,128,51)",1
73.80966254646151,352.7450450249204,2.5,0.5,"rgb(200,200,200)","rgb(255,128,51)",1
125.7109836754922,311.5223882869242,2.5,0.5,"rgb(200,200,200)","rgb(255,128,51)",1
155.1386836247601,368.11793147090236,2.5,0.5,"rgb(200,200,200)","rgb(255,128,51)",1
63.50689989897069,351.84832477278655,2.5,0.5,"rgb(200,200,200)","rgb(255,128,51)",1
245.2288806434608,345.74102924846886,2.5,0.5,"rgb(200,200,200)","rgb(255,128,51)",1
81.65257474740224,396.4373851234729,2.5,0.5,"rgb(200,200,200)","rgb(255,128,51)",1
87.26175578929269,298.4154078589651,2.5,0.5,"rgb(200,200,200)","rgb(255,128,51)",1
80.6504443553907,299.6620360193933,2.5,0.5,"rgb(200,200,200)","rgb(255,128,51)",1
32.83168008383518,368.3741615680958,2.5,0.5,"rgb(200,200,200)","rgb(255,128,51)",1
96.00672793058243,375.3571460681366,2.5,0.5,"rgb(200,200,200)","rgb(255,128,51)",1
47.39146238236513,371.4738948706078,2.5,0.5,"rgb(200,200,200)","rgb(255,128,51)",1
51.69238184363926,268.37667080198275,2.5,0.5,"rgb(200,200,200)","rgb(255,128,51)",1
46.143329672792746,389.04087000983014,2.5,0.5,"rgb(200,200,200)","rgb(255,128,51)",1
115.34207137342628,241.2852869715985,2.5,0.5,"rgb(200,200,200)","rgb(255,128,51)",1
112.86964528776548,371.1123998869181,2.5,0.5,"rgb(200,200,200)","rgb(255,128,51)",1
109.12351985768241,249.39088844583452,2.5,0.5,"rgb(200,200,200)","rgb(255,128,51)",1
34.94040497816172,314.84045642528343,2.5,0.5,"rgb(200,200,200)","rgb(255,128,51)",1
32.69748472659421,398.413930673065,2.5,0.5,"rgb(200,200,200)","rgb(255,128,51)",1
111.12051071269343,320.9693615996656,2.5,0.5,"rgb(200,200,200)","rgb(255,128,51)",1
73.86626388464478,269.9563403984645,2.5,0.5,"rgb(200,200,200)","rgb(255,128,51)",1
51.223106435557796,402.4935756392231,2.5,0.5,"rgb(200,200,200)","rgb(255,128,51)",1
69.49272728020301,407.6854773700902,2.5,0.5,"rgb(200,200,200)","rgb(255,128,51)",1
118.03594490717873,283.7864205013569,2.5,0.5,"rgb(200,200,200)","rgb(255,128,51)",1
58.24825875092138,408.37002242122844,2.5,0.5,"rgb(200,200,200)","rgb(255,128,51)",1
122.40119412043751,216.2267367909335,2.5,0.5,"rgb(200,200,200)","rgb(255,128,51)",1
58.85598440053832,385.14809683210603,2.5,0.5,"rgb(200,200,200)","rgb(255,128,51)",1
102.15640964758549,443.5829365678557,2.5,0.5,"rgb(200,200,200)","rgb(255,128,51)",1
86.9392730118172,431.6806900711742,2.5,0.5,"rgb(200,200,200)","rgb(255,128,51)",1
93.07337235153709,261.1821263123137,2.5,0.5,"rgb(200,200,200)","rgb(255,128,51)",1
83.72072775635566,426.3898685100933,2.5,0.5,"rgb(200,200,200)","rgb(255,128,51)",1
82.82133345608864,416.95741337947055,2.5,0.5,"rgb(200,200,200)","rgb(255,128,51)",1
103.58657425468077,409.5138158970494,2.5,0.5,"rgb(200,200,200)","rgb(255,128,51)",1
480.39551998244025,205.29516100808064,2.5,0.5,"rgb(200,200,200)","rgb(255,215,0)",2
444.89580276542154,228.92186089227735,2.5,0.5,"rgb(200,200,200)","rgb(255,215,0)",2
666.4197917535752,450.7331737826741,2.5,0.5,"rgb(200,200,200)","rgb(255,215,0)",2
517.2834511921914,172.1999505109063,2.5,0.5,"rgb(200,200,200)","rgb(255,215,0)",2
222.6970428913728,389.09565196442804,2.5,0.5,"rgb(200,200,200)","rgb(255,215,0)",2
792.774313124657,302.5855474903128,2.5,0.5,"rgb(200,200,200)","rgb(255,215,0)",2
342.80125377621073,162.84681308881508,2.5,0.5,"rgb(200,200,200)","rgb(255,215,0)",2
610.091046215971,361.1101007126255,2.5,0.5,"rgb(200,200,200)","rgb(255,215,0)",2
588.1984290489252,162.18844041378097,2.5,0.5,"rgb(200,200,200)","rgb(255,215,0)",2
229.68644288046852,328.5191960714352,2.5,0.5,"rgb(200,200,200)","rgb(255,215,0)",2
223.87938568605583,218.26222681260387,2.5,0.5,"rgb(200,200,200)","rgb(255,215,0)",2
422.40001719949487,250.75190982066087,2.5,0.5,"rgb(200,200,200)","rgb(255,215,0)",2
649.9444660662426,450.91276964316637,2.5,0.5,"rgb(200,200,200)","rgb(255,215,0)",2
499.21781145594343,288.0160238565244,2.5,0.5,"rgb(200,200,200)","rgb(255,215,0)",2
644.4256919479172,235.74077224903786,2.5,0.5,"rgb(200,200,200)","rgb(255,215,0)",2
136.38163364191922,278.37534855787123,2.5,0.5,"rgb(200,200,200)","rgb(255,215,0)",2
681.4188045602866,439.6078155752226,2.5,0.5,"rgb(200,200,200)","rgb(255,215,0)",2
414.48310237289104,245.44572970379141,2.5,0.5,"rgb(200,200,200)","rgb(255,215,0)",2
427.92672818761923,331.2777835132451,2.5,0.5,"rgb(200,200,200)","rgb(255,215,0)",2
369.28077976427005,167.2958059252843,2.5,0.5,"rgb(200,200,200)","rgb(255,215,0)",2
523.6733295313634,293.15556917581983,2.5,0.5,"rgb(200,200,200)","rgb(255,215,0)",2
562.1257483675174,363.62087349321695,2.5,0.5,"rgb(200,200,200)","rgb(255,215,0)",2
481.4617483845864,290.575528944785,2.5,0.5,"rgb(200,200,200)","rgb(255,215,0)",2
216.54543510484535,362.50651831960874,2.5,0.5,"rgb(200,200,200)","rgb(255,215,0)",2
728.864836522135,268.1498747578438,2.5,0.5,"rgb(200,200,200)","rgb(255,215,0)",2
449.78609469526964,263.14959753581377,2.5,0.5,"rgb(200,200,200)","rgb(255,215,0)",2
166.07867240316946,148.66936877225,2.5,0.5,"rgb(200,200,200)","rgb(255,215,0)",2
673.2024536876745,274.06005739289685,2.5,0.5,"rgb(200,200,200)","rgb(255,215,0)",2
608.4939421682618,280.40114060883957,2.5,0.5,"rgb(200,200,200)","rgb(255,215,0)",2
628.9140674391696,252.1931610905586,2.5,0.5,"rgb(200,200,200)","rgb(255,215,0)",2
245.60710929543183,313.61509977898277,2.5,0.5,"rgb(200,200,200)","rgb(255,215,0)",2
687.4951384260654,272.54106303083665,2.5,0.5,"rgb(200,200,200)","rgb(255,215,0)",2
619.8253662738049,276.8508685302409,2.5,0.5,"rgb(200,200,200)","rgb(255,215,0)",2
709.2541574472647,258.7029390811179,2.5,0.5,"rgb(200,200,200)","rgb(255,215,0)",2
207.8436354160429,392.6784346541323,2.5,0.5,"rgb(200,200,200)","rgb(255,215,0)",2
557.6693031563801,289.14345373675826,2.5,0.5,"rgb(200,200,200)","rgb(255,215,0)",2
699.1678675853275,264.21962638588036,2.5,0.5,"rgb(200,200,200)","rgb(255,215,0)",2
399.2160751220996,287.42668499732775,2.5,0.5,"rgb(200,200,200)","rgb(255,215,0)",2
604.0452344174543,288.7098510696063,2.5,0.5,"rgb(200,200,200)","rgb(255,215,0)",2
671.1934093206962,321.2325328032074,2.5,0.5,"rgb(200,200,200)","rgb(255,215,0)",2
384.41030998438066,376.46458103627435,2.5,0.5,"rgb(200,200,200)","rgb(255,215,0)",2
547.0229051468958,287.3609539048434,2.5,0.5,"rgb(200,200,200)","rgb(255,215,0)",2
368.634621293141,210.34469939937907,2.5,0.5,"rgb(200,200,200)","rgb(255,215,0)",2
303.7538462655801,424.6683106388872,2.5,0.5,"rgb(200,200,200)","rgb(255,215,0)",2
424.8485576085685,224.67670402882555,2.5,0.5,"rgb(200,200,200)","rgb(255,215,0)",2
136.59399381764666,212.87493737974233,2.5,0.5,"rgb(200,200,200)","rgb(255,215,0)",2
404.76410078801564,282.7936676428647,2.5,0.5,"rgb(200,200,200)","rgb(255,215,0)",2
518.1512074253875,303.95919602738223,2.5,0.5,"rgb(200,200,200)","rgb(255,215,0)",2
189.24799858567218,305.0491189008124,2.5,0.5,"rgb(200,200,200)","rgb(255,215,0)",2
261.1603454150598,149.4037599609198,2.5,0.5,"rgb(200,200,200)","rgb(255,215,0)",2
603.3352009217639,287.44550676259576,2.5,0.5,"rgb(200,200,200)","rgb(255,215,0)",2
469.61960601494445,261.8792109170166,2.5,0.5,"rgb(200,200,200)","rgb(255,215,0)",2
692.2344317544566,275.20734773226616,2.5,0.5,"rgb(200,200,200)","rgb(255,215,0)",2
330.8710654515838,221.59889437331566,2.5,0.5,"rgb(200,200,200)","rgb(255,215,0)",2
796.0975220654057,288.5568859192798,2.5,0.5,"rgb(200,200,200)","rgb(255,215,0)",2
642.8503385051079,327.36576123911453,2.5,0.5,"rgb(200,200,200)","rgb(255,215,0)",2
553.5289738697686,312.1839453019531,2.5,0.5,"rgb(200,200,200)","rgb(255,215,0)",2
177.0627504817216,211.47188015055653,2.5,0.5,"rgb(200,200,200)","rgb(255,215,0)",2
508.65385725339047,342.08821393755045,2.5,0.5,"rgb(200,200,200)","rgb(255,215,0)",2
387.1518100996325,263.7650671511809,2.5,0.5,"rgb(200,200,200)","rgb(255,215,0)",2
619.4130504876232,168.68081229049872,2.5,0.5,"rgb(200,200,200)","rgb(255,215,0)",2
340.55913830014396,184.81520649810014,2.5,0.5,"rgb(200,200,200)","rgb(255,215,0)",2
86.7902324718626,320.8242463845262,2.5,0.5,"rgb(200,200,200)","rgb(255,215,0)",2
778.6802033748538,247.50783071412192,2.5,0.5,"rgb(200,200,200)","rgb(255,215,0)",2
460.18775112976874,270.9421816664652,2.5,0.5,"rgb(200,200,200)","rgb(255,215,0)",2
597.4324189031506,326.9764532497931,2.5,0.5,"rgb(200,200,200)","rgb(255,215,0)",2
186.5396506624317,397.17679032176784,2.5,0.5,"rgb(200,200,200)","rgb(255,215,0)",2
104.76018928237423,245.05722453109897,2.5,0.5,"rgb(200,200,200)","rgb(255,215,0)",2
473.22971159438214,284.04391948577364,2.5,0.5,"rgb(200,200,200)","rgb(255,215,0)",2
263.84409093769904,131.42439770646132,2.5,0.5,"rgb(200,200,200)","rgb(255,215,0)",2
504.6192680321381,286.51345956316027,2.5,0.5,"rgb(200,200,200)","rgb(255,215,0)",2
174.37436063902427,308.42384138765954,2.5,0.5,"rgb(200,200,200)","rgb(255,215,0)",2
503.5522114330257,267.3945429876245,2.5,0.5,"rgb(200,200,200)","rgb(255,215,0)",2
180.92986330656223,285.30376475782475,2.5,0.5,"rgb(200,200,200)","rgb(255,215,0)",2
402.84898639116346,279.8115824178792,2.5,0.5,"rgb(200,200,200)","rgb(255,215,0)",2
256.45604669893936,377.38940427645974,2.5,0.5,"rgb(200,200,200)","rgb(255,215,0)",2
665.9139058847777,335.7873072135203,2.5,0.5,"rgb(200,200,200)","rgb(255,215,0)",2
266.2569269601863,340.971117796386,2.5,0.5,"rgb(200,200,200)","rgb(255,215,0)",2
618.8588059312485,294.0475249040533,2.5,0.5,"rgb(200,200,200)","rgb(255,215,0)",2
365.9362587804793,468.437301064918,2.5,0.5,"rgb(200,200,200)","rgb(255,215,0)",2
756.7064879474334,287.9924077522954,2.5,0.5,"rgb(200,200,200)","rgb(255,215,0)",2
337.5727433775888,261.31864604617124,2.5,0.5,"rgb(200,200,200)","rgb(255,215,0)",2
286.57129504890514,305.30775190104043,2.5,0.5,"rgb(200,200,200)","rgb(255,215,0)",2
386.49720606635344,219.3682651903341,2.5,0.5,"rgb(200,200,200)","rgb(255,215,0)",2
480.7980700311779,427.8629011196669,2.5,0.5,"rgb(200,200,200)","rgb(255,215,0)",2
382.05845658353303,432.842688530557,2.5,0.5,"rgb(200,200,200)","rgb(255,215,0)",2
749.4505726848472,264.22204569509915,2.5,0.5,"rgb(200,200,200)","rgb(255,215,0)",2
410.8992548265501,66.0253937119588,2.5,0.5,"rgb(200,200,200)","rgb(255,215,0)",2
294.849342162781,280.70851252590074,2.5,0.5,"rgb(200,200,200)","rgb(255,215,0)",2
231.87099533785084,219.12210872786198,2.5,0.5,"rgb(200,200,200)","rgb(255,215,0)",2
474.9058422347184,267.720895985134,2.5,0.5,"rgb(200,200,200)","rgb(255,215,0)",2
759.0661478559323,238.91272575398438,2.5,0.5,"rgb(200,200,200)","rgb(255,215,0)",2
736.8226391231226,242.01222573049108,2.5,0.5,"rgb(200,200,200)","rgb(255,215,0)",2
790.5919209015776,300.82211884789945,2.5,0.5,"rgb(200,200,200)","rgb(255,215,0)",2
618.2623303326293,243.88011377911099,2.5,0.5,"rgb(200,200,200)","rgb(255,215,0)",2
546.2482804180297,226.18398973213888,2.5,0.5,"rgb(200,200,200)","rgb(255,215,0)",2
271.2779983706112,418.24081162549027,2.5,0.5,"rgb(200,200,200)","rgb(255,215,0)",2
519.2192981077807,366.8804844937871,2.5,0.5,"rgb(200,200,200)","rgb(255,215,0)",2
634.9172200307,283.7506078791603,2.5,0.5,"rgb(200,200,200)","rgb(255,215,0)",2
836.9016342156863,340.94063018524565,2.5,0.5,"rgb(200,200,200)","rgb(255,215,0)",2
632.2349599005296,352.0551251974965,2.5,0.5,"rgb(200,200,200)","rgb(204,255,0)",3
389.98036763112464,378.57304175279944,2.5,0.5,"rgb(200,200,200)","rgb(204,255,0)",3
469.75865314465455,369.35127256781277,2.5,0.5,"rgb(200,200,200)","rgb(204,255,0)",3
708.6291891760725,400.45657653688596,2.5,0.5,"rgb(200,200,200)","rgb(204,255,0)",3
255.19192140524365,222.41801360488824,2.5,0.5,"rgb(200,200,200)","rgb(204,255,0)",3
186.5323130876502,229.17617563445378,2.5,0.5,"rgb(200,200,200)","rgb(204,255,0)",3
541.321476829867,421.7635279100829,2.5,0.5,"rgb(200,200,200)","rgb(204,255,0)",3
400.9094579896095,353.4578361945522,2.5,0.5,"rgb(200,200,200)","rgb(204,255,0)",3
390.33402860083436,289.78166800984184,2.5,0.5,"rgb(200,200,200)","rgb(204,255,0)",3
282.18849969729445,205.0956154427904,2.5,0.5,"rgb(200,200,200)","rgb(204,255,0)",3
333.8637637901691,305.2036335163152,2.5,0.5,"rgb(200,200,200)","rgb(204,255,0)",3
541.7790089868004,402.71571180514,2.5,0.5,"rgb(200,200,200)","rgb(204,255,0)",3
650.3836187308755,227.08510823765602,2.5,0.5,"rgb(200,200,200)","rgb(204,255,0)",3
268.2379567010727,316.21222488146196,2.5,0.5,"rgb(200,200,200)","rgb(204,255,0)",3
450.08740442821,410.0997114348779,2.5,0.5,"rgb(200,200,200)","rgb(204,255,0)",3
245.81963589398748,294.3368291915406,2.5,0.5,"rgb(200,200,200)","rgb(204,255,0)",3
487.54465658131096,357.4283238074396,2.5,0.5,"rgb(200,200,200)","rgb(204,255,0)",3
564.4981114958875,384.3336767498001,2.5,0.5,"rgb(200,200,200)","rgb(204,255,0)",3
683.8794775258378,330.7913131429232,2.5,0.5,"rgb(200,200,200)","rgb(204,255,0)",3
508.64825199436217,195.8980694048308,2.5,0.5,"rgb(200,200,200)","rgb(204,255,0)",3
287.1909102489728,327.6047685189577,2.5,0.5,"rgb(200,200,200)","rgb(204,255,0)",3
482.1558970959949,272.398293827721,2.5,0.5,"rgb(200,200,200)","rgb(204,255,0)",3
501.545542179954,214.59128332655433,2.5,0.5,"rgb(200,200,200)","rgb(204,255,0)",3
546.3712267750057,444.62700934670175,2.5,0.5,"rgb(200,200,200)","rgb(204,255,0)",3
300.79947750119925,167.42896770232215,2.5,0.5,"rgb(200,200,200)","rgb(204,255,0)",3
540.977036394563,416.66284737480527,2.5,0.5,"rgb(200,200,200)","rgb(204,255,0)",3
672.2424976094346,437.3706028862578,2.5,0.5,"rgb(200,200,200)","rgb(204,255,0)",3
305.8348693519,177.2660280174031,2.5,0.5,"rgb(200,200,200)","rgb(204,255,0)",3
445.20242566020517,321.6361445945706,2.5,0.5,"rgb(200,200,200)","rgb(204,255,0)",3
496.3802041786177,424.84062348765667,2.5,0.5,"rgb(200,200,200)","rgb(204,255,0)",3
456.37022042094503,336.8671635939147,2.5,0.5,"rgb(200,200,200)","rgb(204,255,0)",3
561.4422119126097,386.9622724521422,2.5,0.5,"rgb(200,200,200)","rgb(204,255,0)",3
372.80421240511976,415.7537455399288,2.5,0.5,"rgb(200,200,200)","rgb(204,255,0)",3
466.03619869408806,335.53445773027033,2.5,0.5,"rgb(200,200,200)","rgb(204,255,0)",3
485.3727344673034,388.91403158938556,2.5,0.5,"rgb(200,200,200)","rgb(204,255,0)",3
389.7767835284216,403.0633921367448,2.5,0.5,"rgb(200,200,200)","rgb(204,255,0)",3
540.4182991770654,331.0216518971395,2.5,0.5,"rgb(200,200,200)","rgb(204,255,0)",3
596.8130874369747,417.74555636612365,2.5,0.5,"rgb(200,200,200)","rgb(204,255,0)",3
217.5335153093991,279.798384724055,2.5,0.5,"rgb(200,200,200)","rgb(204,255,0)",3
473.09555979843753,374.7650137066624,2.5,0.5,"rgb(200,200,200)","rgb(204,255,0)",3
294.54084975758235,325.87960862373836,2.5,0.5,"rgb(200,200,200)","rgb(204,255,0)",3
546.0107703211086,388.1486318759319,2.5,0.5,"rgb(200,200,200)","rgb(204,255,0)",3
565.87253797397,308.6874617694372,2.5,0.5,"rgb(200,200,200)","rgb(204,255,0)",3
423.2638741333143,405.99661693576275,2.5,0.5,"rgb(200,200,200)","rgb(204,255,0)",3
591.6926656268095,319.969489488183,2.5,0.5,"rgb(200,200,200)","rgb(204,255,0)",3
286.8285393889229,172.77978553902204,2.5,0.5,"rgb(200,200,200)","rgb(204,255,0)",3
497.40656149754176,309.31638147719457,2.5,0.5,"rgb(200,200,200)","rgb(204,255,0)",3
429.4831027713182,265.08580797705906,2.5,0.5,"rgb(200,200,200)","rgb(204,255,0)",3
521.4719706698768,406.69624817510777,2.5,0.5,"rgb(200,200,200)","rgb(204,255,0)",3
659.8855810275314,337.03064959407845,2.5,0.5,"rgb(200,200,200)","rgb(204,255,0)",3
148.45419285091512,140.2605492489776,2.5,0.5,"rgb(200,200,200)","rgb(204,255,0)",3
328.4641338275144,245.4493223987934,2.5,0.5,"rgb(200,200,200)","rgb(204,255,0)",3
229.22108616554655,246.7594224352943,2.5,0.5,"rgb(200,200,200)","rgb(204,255,0)",3
419.2923892262459,367.0883269694026,2.5,0.5,"rgb(200,200,200)","rgb(204,255,0)",3
505.00469917240673,347.877306062686,2.5,0.5,"rgb(200,200,200)","rgb(204,255,0)",3
536.1503333154405,363.3241693237004,2.5,0.5,"rgb(200,200,200)","rgb(204,255,0)",3
482.2019312639947,343.4554958598189,2.5,0.5,"rgb(200,200,200)","rgb(204,255,0)",3
169.4573395388473,302.3898283102159,2.5,0.5,"rgb(200,200,200)","rgb(204,255,0)",3
404.9618228172718,332.63164017890966,2.5,0.5,"rgb(200,200,200)","rgb(204,255,0)",3
364.2984987487709,247.84587566093916,2.5,0.5,"rgb(200,200,200)","rgb(204,255,0)",3
456.7383472235434,248.65803922827908,2.5,0.5,"rgb(200,200,200)","rgb(204,255,0)",3
574.7624668379755,328.085646200425,2.5,0.5,"rgb(200,200,200)","rgb(204,255,0)",3
499.93922625228953,256.1219189290431,2.5,0.5,"rgb(200,200,200)","rgb(204,255,0)",3
385.4459212907471,264.6720846451486,2.5,0.5,"rgb(200,200,200)","rgb(204,255,0)",3
655.397841785971,322.109511013282,2.5,0.5,"rgb(200,200,200)","rgb(204,255,0)",3
565.7402332056001,413.04972040879966,2.5,0.5,"rgb(200,200,200)","rgb(204,255,0)",3
475.24468696053765,400.26909911613905,2.5,0.5,"rgb(200,200,200)","rgb(204,255,0)",3
522.1620469469784,398.60308467128317,2.5,0.5,"rgb(200,200,200)","rgb(204,255,0)",3
450.0742731610902,400.6198922567256,2.5,0.5,"rgb(200,200,200)","rgb(204,255,0)",3
481.81492882161757,407.5404175747091,2.5,0.5,"rgb(200,200,200)","rgb(204,255,0)",3
315.65034813841226,199.76034171560843,2.5,0.5,"rgb(200,200,200)","rgb(204,255,0)",3
502.6505172706499,403.6874824276979,2.5,0.5,"rgb(200,200,200)","rgb(204,255,0)",3
515.087771026033,380.36596545532257,2.5,0.5,"rgb(200,200,200)","rgb(204,255,0)",3
230.79577625327403,214.8062552094313,2.5,0.5,"rgb(200,200,200)","rgb(204,255,0)",3
426.2747670400763,389.1712424888451,2.5,0.5,"rgb(200,200,200)","rgb(204,255,0)",3
394.63013251579997,381.58436258238413,2.5,0.5,"rgb(200,200,200)","rgb(204,255,0)",3
299.97801903914376,360.64589764767453,2.5,0.5,"rgb(200,200,200)","rgb(204,255,0)",3
231.53646188226253,290.91371269441225,2.5,0.5,"rgb(200,200,200)","rgb(204,255,0)",3
572.271476343816,375.86531917046847,2.5,0.5,"rgb(200,200,200)","rgb(204,255,0)",3
518.7476268243914,387.68057683406664,2.5,0.5,"rgb(200,200,200)","rgb(204,255,0)",3
556.8202558776624,406.43677973294996,2.5,0.5,"rgb(200,200,200)","rgb(204,255,0)",3
619.6105013547133,482.8876672681657,2.5,0.5,"rgb(200,200,200)","rgb(204,255,0)",3
421.407093952791,335.6835036955217,2.5,0.5,"rgb(200,200,200)","rgb(204,255,0)",3
192.28636484422842,257.93929149049103,2.5,0.5,"rgb(200,200,200)","rgb(204,255,0)",3
536.4638700732861,347.63096936698383,2.5,0.5,"rgb(200,200,200)","rgb(204,255,0)",3
758.8314142741104,370.5584474210217,2.5,0.5,"rgb(200,200,200)","rgb(204,255,0)",3
805.5277709903787,428.58016333241596,2.5,0.5,"rgb(200,200,200)","rgb(204,255,0)",3
397.2308502397708,253.94390952901253,2.5,0.5,"rgb(200,200,200)","rgb(204,255,0)",3
348.533689170926,187.9748356730319,2.5,0.5,"rgb(200,200,200)","rgb(204,255,0)",3
612.572099358473,427.61878190296227,2.5,0.5,"rgb(200,200,200)","rgb(204,255,0)",3
392.2807362068718,262.7655320774837,2.5,0.5,"rgb(200,200,200)","rgb(204,255,0)",3
557.7140134094618,357.99868723191685,2.5,0.5,"rgb(200,200,200)","rgb(204,255,0)",3
504.8027080021425,348.41270542933455,2.5,0.5,"rgb(200,200,200)","rgb(204,255,0)",3
326.82791011615603,212.55802787196413,2.5,0.5,"rgb(200,200,200)","rgb(204,255,0)",3
438.76001050000923,353.5882117482753,2.5,0.5,"rgb(200,200,200)","rgb(204,255,0)",3
299.1880427324165,260.9085099184962,2.5,0.5,"rgb(200,200,200)","rgb(204,255,0)",3
496.19658104060437,318.5426339102063,2.5,0.5,"rgb(200,200,200)","rgb(204,255,0)",3
311.3065745041082,299.9340256715257,2.5,0.5,"rgb(200,200,200)","rgb(204,255,0)",3
485.60766751619485,345.7195410754054,2.5,0.5,"rgb(200,200,200)","rgb(204,255,0)",3
836.6016133393754,413.2404076937082,2.5,0.5,"rgb(200,200,200)","rgb(204,255,0)",3
384.6992338056793,144.7100820717304,2.5,0.5,"rgb(200,200,200)","rgb(102,255,0)",4
334.84423470071823,143.44491097962913,2.5,0.5,"rgb(200,200,200)","rgb(102,255,0)",4
474.5978584133666,149.44640481502,2.5,0.5,"rgb(200,200,200)","rgb(102,255,0)",4
139.81358368170308,160.93516722852115,2.5,0.5,"rgb(200,200,200)","rgb(102,255,0)",4
121.84990770073664,256.32601584340716,2.5,0.5,"rgb(200,200,200)","rgb(102,255,0)",4
438.9610469562423,142.05000147039738,2.5,0.5,"rgb(200,200,200)","rgb(102,255,0)",4
508.34912559031727,121.70591968970072,2.5,0.5,"rgb(200,200,200)","rgb(102,255,0)",4
157.34049081808445,260.6887533317925,2.5,0.5,"rgb(200,200,200)","rgb(102,255,0)",4
641.3636662286289,96.83294221543576,2.5,0.5,"rgb(200,200,200)","rgb(102,255,0)",4
452.50434295275375,52.85178678752568,2.5,0.5,"rgb(200,200,200)","rgb(102,255,0)",4
302.5846134070683,123.69252754356587,2.5,0.5,"rgb(200,200,200)","rgb(102,255,0)",4
363.85158223838454,80.9727053885761,2.5,0.5,"rgb(200,200,200)","rgb(102,255,0)",4
347.4693150634496,162.86185123664612,2.5,0.5,"rgb(200,200,200)","rgb(102,255,0)",4
389.815162920504,124.562944620594,2.5,0.5,"rgb(200,200,200)","rgb(102,255,0)",4
349.0521604661209,136.98565440212852,2.5,0.5,"rgb(200,200,200)","rgb(102,255,0)",4
261.6141038842173,92.82971279039205,2.5,0.5,"rgb(200,200,200)","rgb(102,255,0)",4
313.71535050420687,191.20031952967608,2.5,0.5,"rgb(200,200,200)","rgb(102,255,0)",4
236.4249740690947,201.3658304869962,2.5,0.5,"rgb(200,200,200)","rgb(102,255,0)",4
558.2967336756584,110.3540497247873,2.5,0.5,"rgb(200,200,200)","rgb(102,255,0)",4
261.70165684879146,139.3513967308865,2.5,0.5,"rgb(200,200,200)","rgb(102,255,0)",4
465.41988619172764,71.35014349108626,2.5,0.5,"rgb(200,200,200)","rgb(102,255,0)",4
398.611499791134,108.58649589230234,2.5,0.5,"rgb(200,200,200)","rgb(102,255,0)",4
574.5060627102051,123.06008156058456,2.5,0.5,"rgb(200,200,200)","rgb(102,255,0)",4
371.630299649075,81.80351514917818,2.5,0.5,"rgb(200,200,200)","rgb(102,255,0)",4
392.3051098523622,89.2276279743694,2.5,0.5,"rgb(200,200,200)","rgb(102,255,0)",4
258.486890991647,149.5149840702991,2.5,0.5,"rgb(200,200,200)","rgb(102,255,0)",4
441.57098011331084,78.05445783906914,2.5,0.5,"rgb(200,200,200)","rgb(102,255,0)",4
468.2294604032346,86.5154800397323,2.5,0.5,"rgb(200,200,200)","rgb(102,255,0)",4
308.29689563293215,113.87586810278171,2.5,0.5,"rgb(200,200,200)","rgb(102,255,0)",4
268.4240140341707,175.6910916821902,2.5,0.5,"rgb(200,200,200)","rgb(102,255,0)",4
528.7023970532134,91.2061926073521,2.5,0.5,"rgb(200,200,200)","rgb(102,255,0)",4
427.89734628638496,81.99473471536325,2.5,0.5,"rgb(200,200,200)","rgb(102,255,0)",4
478.2690588409422,100.78853657016973,2.5,0.5,"rgb(200,200,200)","rgb(102,255,0)",4
421.4785341310152,62.70094522578197,2.5,0.5,"rgb(200,200,200)","rgb(102,255,0)",4
228.0962146878951,141.19403383712856,2.5,0.5,"rgb(200,200,200)","rgb(102,255,0)",4
354.4130423641255,67.28406915020994,2.5,0.5,"rgb(200,200,200)","rgb(102,255,0)",4
222.1974146121332,190.9168749053232,2.5,0.5,"rgb(200,200,200)","rgb(102,255,0)",4
175.67676141943087,135.77121347062902,2.5,0.5,"rgb(200,200,200)","rgb(102,255,0)",4
179.303923968347,189.4742245335982,2.5,0.5,"rgb(200,200,200)","rgb(102,255,0)",4
339.1218137758,76.23211165938957,2.5,0.5,"rgb(200,200,200)","rgb(102,255,0)",4
203.5160331718949,129.8604730449062,2.5,0.5,"rgb(200,200,200)","rgb(102,255,0)",4
270.26139445135016,109.76748487287782,2.5,0.5,"rgb(200,200,200)","rgb(102,255,0)",4
207.19664054960714,177.11838286120408,2.5,0.5,"rgb(200,200,200)","rgb(102,255,0)",4
518.8336387472023,67.13246932494965,2.5,0.5,"rgb(200,200,200)","rgb(102,255,0)",4
438.35174534662275,73.30206556620246,2.5,0.5,"rgb(200,200,200)","rgb(102,255,0)",4
111.13017338938553,179.42801511887313,2.5,0.5,"rgb(200,200,200)","rgb(102,255,0)",4
324.4932055269078,98.4925006243787,2.5,0.5,"rgb(200,200,200)","rgb(102,255,0)",4
387.70075335451827,220.22214338840234,2.5,0.5,"rgb(200,200,200)","rgb(102,255,0)",4
440.00294199648596,86.22977906937747,2.5,0.5,"rgb(200,200,200)","rgb(102,255,0)",4
253.2667107205135,96.2358176596684,2.5,0.5,"rgb(200,200,200)","rgb(102,255,0)",4
445.6716449267318,53.56753981372574,2.5,0.5,"rgb(200,200,200)","rgb(102,255,0)",4
436.75447614747407,87.10049249150998,2.5,0.5,"rgb(200,200,200)","rgb(102,255,0)",4
339.6235533111305,109.26647675066722,2.5,0.5,"rgb(200,200,200)","rgb(102,255,0)",4
336.1898566493434,74.5051820764266,2.5,0.5,"rgb(200,200,200)","rgb(102,255,0)",4
406.63512193689417,55.31181132898596,2.5,0.5,"rgb(200,200,200)","rgb(102,255,0)",4
379.8889769354752,143.875365391083,2.5,0.5,"rgb(200,200,200)","rgb(102,255,0)",4
194.83228199239738,164.44275345853674,2.5,0.5,"rgb(200,200,200)","rgb(102,255,0)",4
320.70176972772595,51.132062158645454,2.5,0.5,"rgb(200,200,200)","rgb(102,255,0)",4
234.72858005637778,152.83087125182433,2.5,0.5,"rgb(200,200,200)","rgb(102,255,0)",4
284.3985798066482,206.63005112149568,2.5,0.5,"rgb(200,200,200)","rgb(102,255,0)",4
333.9862433529905,134.9505155810803,2.5,0.5,"rgb(200,200,200)","rgb(102,255,0)",4
581.4307493893341,37.61079688410409,2.5,0.5,"rgb(200,200,200)","rgb(102,255,0)",4
254.50538721926523,162.80574969770916,2.5,0.5,"rgb(200,200,200)","rgb(102,255,0)",4
418.5190822819679,82.834494750326,2.5,0.5,"rgb(200,200,200)","rgb(102,255,0)",4
192.32290116952692,256.6437312154154,2.5,0.5,"rgb(200,200,200)","rgb(102,255,0)",4
390.54731480052374,108.0549012407092,2.5,0.5,"rgb(200,200,200)","rgb(102,255,0)",4
591.8081803311641,58.15775334123839,2.5,0.5,"rgb(200,200,200)","rgb(102,255,0)",4
437.7079882804636,119.10739337267701,2.5,0.5,"rgb(200,200,200)","rgb(102,255,0)",4
250.41598354022844,173.6907579712914,2.5,0.5,"rgb(200,200,200)","rgb(102,255,0)",4
443.6397547799982,113.92147933129547,2.5,0.5,"rgb(200,200,200)","rgb(102,255,0)",4
530.6432367704987,77.34777287919034,2.5,0.5,"rgb(200,200,200)","rgb(102,255,0)",4
371.2084105633388,111.75347615940252,2.5,0.5,"rgb(200,200,200)","rgb(102,255,0)",4
265.0099423993549,164.70886028896024,2.5,0.5,"rgb(200,200,200)","rgb(102,255,0)",4
686.1000613410727,24.12002795623507,2.5,0.5,"rgb(200,200,200)","rgb(102,255,0)",4
319.1002589898132,133.15693556814398,2.5,0.5,"rgb(200,200,200)","rgb(102,255,0)",4
645.3563967070706,53.071582863030336,2.5,0.5,"rgb(200,200,200)","rgb(102,255,0)",4
586.2970619768246,76.71037514023347,2.5,0.5,"rgb(200,200,200)","rgb(102,255,0)",4
150.4108426064388,202.76027237187824,2.5,0.5,"rgb(200,200,200)","rgb(102,255,0)",4
494.2818678348111,118.47126914486493,2.5,0.5,"rgb(200,200,200)","rgb(102,255,0)",4
126.36005699233752,172.96877683724452,2.5,0.5,"rgb(200,200,200)","rgb(102,255,0)",4
406.0718596966803,78.54500295790999,2.5,0.5,"rgb(200,200,200)","rgb(102,255,0)",4
424.0935201033857,81.48903480979072,2.5,0.5,"rgb(200,200,200)","rgb(102,255,0)",4
384.3313824423036,180.47144402363307,2.5,0.5,"rgb(200,200,200)","rgb(102,255,0)",4
338.94657310108903,122.18497104863147,2.5,0.5,"rgb(200,200,200)","rgb(102,255,0)",4
468.43792788271264,153.0968046759493,2.5,0.5,"rgb(200,200,200)","rgb(102,255,0)",4
545.1767195474656,2.333933058216144,2.5,0.5,"rgb(200,200,200)","rgb(102,255,0)",4
417.22298466235833,140.61866786335628,2.5,0.5,"rgb(200,200,200)","rgb(102,255,0)",4
393.9148286410906,117.33037671388706,2.5,0.5,"rgb(200,200,200)","rgb(102,255,0)",4
553.9799275443866,0.0,2.5,0.5,"rgb(200,200,200)","rgb(102,255,0)",4
503.4020272218965,24.37717608297057,2.5,0.5,"rgb(200,200,200)","rgb(102,255,0)",4
541.8063426180213,70.78001999316,2.5,0.5,"rgb(200,200,200)","rgb(102,255,0)",4
575.4799812725525,94.67909845511284,2.5,0.5,"rgb(200,200,200)","rgb(102,255,0)",4
266.06033293189483,161.21727833097958,2.5,0.5,"rgb(200,200,200)","rgb(102,255,0)",4
519.7787412363099,72.23990083473367,2.5,0.5,"rgb(200,200,200)","rgb(102,255,0)",4
506.35673263530924,63.98152668060536,2.5,0.5,"rgb(200,200,200)","rgb(102,255,0)",4
321.4188551571835,163.80255142805146,2.5,0.5,"rgb(200,200,200)","rgb(102,255,0)",4
496.3036250819764,84.24918898362196,2.5,0.5,"rgb(200,200,200)","rgb(102,255,0)",4
580.5812249460771,105.29710871326003,2.5,0.5,"rgb(200,200,200)","rgb(102,255,0)",4
366.35292508428563,94.21603844981883,2.5,0.5,"rgb(200,200,200)","rgb(102,255,0)",4
277.64012230725456,120.98320235740826,2.5,0.5,"rgb(200,200,200)","rgb(102,255,0)",4
496.4254646682331,308.1095948708129,2.5,0.5,"rgb(200,200,200)","rgb(137,207,240)",5
148.97552844456322,269.9807869273152,2.5,0.5,"rgb(200,200,200)","rgb(137,207,240)",5
193.40819105955939,280.7489116849255,2.5,0.5,"rgb(200,200,200)","rgb(137,207,240)",5
354.42900550618504,284.43635044057817,2.5,0.5,"rgb(200,200,200)","rgb(137,207,240)",5
177.43975373513314,307.74368130975716,2.5,0.5,"rgb(200,200,200)","rgb(137,207,240)",5
300.04691864810394,200.37190810772265,2.5,0.5,"rgb(200,200,200)","rgb(137,207,240)",5
250.85406326939068,279.343168281117,2.5,0.5,"rgb(200,200,200)","rgb(137,207,240)",5
652.5422641775922,339.8096846562041,2.5,0.5,"rgb(200,200,200)","rgb(137,207,240)",5
266.6701239239017,225.09460755467762,2.5,0.5,"rgb(200,200,200)","rgb(137,207,240)",5
131.86547105542468,281.1884654193872,2.5,0.5,"rgb(200,200,200)","rgb(137,207,240)",5
308.9784181613957,287.10668702447003,2.5,0.5,"rgb(200,200,200)","rgb(137,207,240)",5
592.4455782438401,305.2491638182583,2.5,0.5,"rgb(200,200,200)","rgb(137,207,240)",5
270.17826237439436,240.6339967956091,2.5,0.5,"rgb(200,200,200)","rgb(137,207,240)",5
568.4479628351858,302.5127206142923,2.5,0.5,"rgb(200,200,200)","rgb(137,207,240)",5
424.5810145633533,302.9293165648097,2.5,0.5,"rgb(200,200,200)","rgb(137,207,240)",5
447.046870048661,299.4866407566475,2.5,0.5,"rgb(200,200,200)","rgb(137,207,240)",5
734.6300115783561,236.98886132439247,2.5,0.5,"rgb(200,200,200)","rgb(137,207,240)",5
398.50628240841536,233.80920761984925,2.5,0.5,"rgb(200,200,200)","rgb(137,207,240)",5
516.9319242120448,356.95347326465196,2.5,0.5,"rgb(200,200,200)","rgb(137,207,240)",5
420.40096253287686,294.263250748437,2.5,0.5,"rgb(200,200,200)","rgb(137,207,240)",5
585.0336673916752,315.2041236153682,2.5,0.5,"rgb(200,200,200)","rgb(137,207,240)",5
526.7549032245915,299.4016053649244,2.5,0.5,"rgb(200,200,200)","rgb(137,207,240)",5
241.46023536517714,259.73803522011724,2.5,0.5,"rgb(200,200,200)","rgb(137,207,240)",5
578.6032708492032,255.19770574310627,2.5,0.5,"rgb(200,200,200)","rgb(137,207,240)",5
344.36882793164904,219.2533039767301,2.5,0.5,"rgb(200,200,200)","rgb(137,207,240)",5
703.308423991354,227.59200239250737,2.5,0.5,"rgb(200,200,200)","rgb(137,207,240)",5
468.9271194695825,269.1505603981089,2.5,0.5,"rgb(200,200,200)","rgb(137,207,240)",5
376.76273774265644,208.42077240066183,2.5,0.5,"rgb(200,200,200)","rgb(137,207,240)",5
386.79143816579216,261.5095516519268,2.5,0.5,"rgb(200,200,200)","rgb(137,207,240)",5
427.1024154848636,274.63018377868195,2.5,0.5,"rgb(200,200,200)","rgb(137,207,240)",5
456.0208087409486,267.92745119569844,2.5,0.5,"rgb(200,200,200)","rgb(137,207,240)",5
458.79602349609814,278.6063307507826,2.5,0.5,"rgb(200,200,200)","rgb(137,207,240)",5
178.94797601609645,246.39299249951642,2.5,0.5,"rgb(200,200,200)","rgb(137,207,240)",5
351.5248014152096,215.3532313066798,2.5,0.5,"rgb(200,200,200)","rgb(137,207,240)",5
291.8167071011808,235.9688067998433,2.5,0.5,"rgb(200,200,200)","rgb(137,207,240)",5
198.87622102982436,225.638873230729,2.5,0.5,"rgb(200,200,200)","rgb(137,207,240)",5
515.9697091826085,232.35801677076762,2.5,0.5,"rgb(200,200,200)","rgb(137,207,240)",5
568.1571408602861,213.14374204235355,2.5,0.5,"rgb(200,200,200)","rgb(137,207,240)",5
614.8699649653029,315.96204448026884,2.5,0.5,"rgb(200,200,200)","rgb(137,207,240)",5
253.19195207352763,227.5524852453362,2.5,0.5,"rgb(200,200,200)","rgb(137,207,240)",5
725.5120744675502,394.74159203900524,2.5,0.5,"rgb(200,200,200)","rgb(137,207,240)",5
471.7548792979778,172.3480057909714,2.5,0.5,"rgb(200,200,200)","rgb(137,207,240)",5
302.74780379266014,244.50701486705498,2.5,0.5,"rgb(200,200,200)","rgb(137,207,240)",5
378.8602888001542,263.7957424160183,2.5,0.5,"rgb(200,200,200)","rgb(137,207,240)",5
401.1818723853611,191.3059316140613,2.5,0.5,"rgb(200,200,200)","rgb(137,207,240)",5
162.59871220527097,250.400282268813,2.5,0.5,"rgb(200,200,200)","rgb(137,207,240)",5
299.0480975952595,285.4406291332545,2.5,0.5,"rgb(200,200,200)","rgb(137,207,240)",5
291.6159050344043,299.49921093906426,2.5,0.5,"rgb(200,200,200)","rgb(137,207,240)",5
657.0634110241419,359.50967494990175,2.5,0.5,"rgb(200,200,200)","rgb(137,207,240)",5
707.3675995479464,216.04489072043663,2.5,0.5,"rgb(200,200,200)","rgb(137,207,240)",5
325.9221469352262,244.39000079357507,2.5,0.5,"rgb(200,200,200)","rgb(137,207,240)",5
370.81682777391796,95.74144101699778,2.5,0.5,"rgb(200,200,200)","rgb(137,207,240)",5
327.7851090178082,166.29916802820736,2.5,0.5,"rgb(200,200,200)","rgb(137,207,240)",5
852.9383845731679,273.6850840565711,2.5,0.5,"rgb(200,200,200)","rgb(137,207,240)",5
667.0664139614298,253.76582233046346,2.5,0.5,"rgb(200,200,200)","rgb(137,207,240)",5
531.2602798733571,233.9553927522082,2.5,0.5,"rgb(200,200,200)","rgb(137,207,240)",5
457.4217310068999,207.16619660917763,2.5,0.5,"rgb(200,200,200)","rgb(137,207,240)",5
454.3598410799683,308.4967080561698,2.5,0.5,"rgb(200,200,200)","rgb(137,207,240)",5
244.23129955219102,274.3131677204327,2.5,0.5,"rgb(200,200,200)","rgb(137,207,240)",5
714.2211933643373,320.2365313604608,2.5,0.5,"rgb(200,200,200)","rgb(137,207,240)",5
501.68130153297136,194.49923340632273,2.5,0.5,"rgb(200,200,200)","rgb(137,207,240)",5
752.7130294262957,288.0818003952714,2.5,0.5,"rgb(200,200,200)","rgb(137,207,240)",5
846.5540785401805,305.6065824266974,2.5,0.5,"rgb(200,200,200)","rgb(137,207,240)",5
521.3934537652073,173.91004692151992,2.5,0.5,"rgb(200,200,200)","rgb(137,207,240)",5
470.760496211058,241.69971674541233,2.5,0.5,"rgb(200,200,200)","rgb(137,207,240)",5
713.145941545208,318.0824391807446,2.5,0.5,"rgb(200,200,200)","rgb(137,207,240)",5
784.3135538535896,311.3810052387491,2.5,0.5,"rgb(200,200,200)","rgb(137,207,240)",5
541.2329830087862,317.1232517460386,2.5,0.5,"rgb(200,200,200)","rgb(137,207,240)",5
598.6198770573016,324.87141031629636,2.5,0.5,"rgb(200,200,200)","rgb(137,207,240)",5
279.47650417695,249.5908185762968,2.5,0.5,"rgb(200,200,200)","rgb(137,207,240)",5
240.47749977452494,178.76208125997772,2.5,0.5,"rgb(200,200,200)","rgb(137,207,240)",5
624.4776035020298,306.6149467050513,2.5,0.5,"rgb(200,200,200)","rgb(137,207,240)",5
552.0713387856542,314.2943900712313,2.5,0.5,"rgb(200,200,200)","rgb(137,207,240)",5
727.9071297312408,344.97988343139156,2.5,0.5,"rgb(200,200,200)","rgb(137,207,240)",5
421.63927921255816,306.3608758221912,2.5,0.5,"rgb(200,200,200)","rgb(137,207,240)",5
543.6489929737739,276.47331336764535,2.5,0.5,"rgb(200,200,200)","rgb(137,207,240)",5
708.1233575859866,355.4311503397356,2.5,0.5,"rgb(200,200,200)","rgb(137,207,240)",5
678.0283871253798,332.6599717174989,2.5,0.5,"rgb(200,200,200)","rgb(137,207,240)",5
218.0175595202276,231.75519799201743,2.5,0.5,"rgb(200,200,200)","rgb(137,207,240)",5
543.4895065623947,324.54852693981786,2.5,0.5,"rgb(200,200,200)","rgb(137,207,240)",5
183.64133865017067,218.26458975215837,2.5,0.5,"rgb(200,200,200)","rgb(137,207,240)",5
410.3222291457031,248.20046324753383,2.5,0.5,"rgb(200,200,200)","rgb(137,207,240)",5
177.74014438592303,261.07554739700333,2.5,0.5,"rgb(200,200,200)","rgb(137,207,240)",5
622.146889754075,253.3651165711717,2.5,0.5,"rgb(200,200,200)","rgb(137,207,240)",5
289.79652625502865,217.03416545651834,2.5,0.5,"rgb(200,200,200)","rgb(137,207,240)",5
521.6493699981993,302.8303682021966,2.5,0.5,"rgb(200,200,200)","rgb(137,207,240)",5
199.7258844882268,210.38376176632127,2.5,0.5,"rgb(200,200,200)","rgb(137,207,240)",5
620.5150292528604,384.61334313286227,2.5,0.5,"rgb(200,200,200)","rgb(137,207,240)",5
612.2343743998518,268.03828496521976,2.5,0.5,"rgb(200,200,200)","rgb(137,207,240)",5
365.7726092546476,350.82065288216654,2.5,0.5,"rgb(200,200,200)","rgb(137,207,240)",5
518.194159609395,276.6166426024497,2.5,0.5,"rgb(200,200,200)","rgb(137,207,240)",5
234.28624685895656,248.83692058071878,2.5,0.5,"rgb(200,200,200)","rgb(137,207,240)",5
344.8157351891551,160.89650294218404,2.5,0.5,"rgb(200,200,200)","rgb(137,207,240)",5
458.75864019148383,313.81987924317275,2.5,0.5,"rgb(200,200,200)","rgb(137,207,240)",5
474.2661303055369,297.2120297699899,2.5,0.5,"rgb(200,200,200)","rgb(137,207,240)",5
485.8243821581365,294.17706472905394,2.5,0.5,"rgb(200,200,200)","rgb(137,207,240)",5
388.3042430080831,337.4615672034836,2.5,0.5,"rgb(200,200,200)","rgb(137,207,240)",5
575.2703313240621,310.00294218719046,2.5,0.5,"rgb(200,200,200)","rgb(137,207,240)",5
234.12501504131396,231.93332951797393,2.5,0.5,"rgb(200,200,200)","rgb(137,207,240)",5
579.986954617362,343.7805113759976,2.5,0.5,"rgb(200,200,200)","rgb(137,207,240)",5
544.1964664281692,162.7371642628087,2.5,0.5,"rgb(200,200,200)","rgb(0,191,255)",6
355.65500373236944,236.680554222818,2.5,0.5,"rgb(200,200,200)","rgb(0,191,255)",6
424.6814861988725,161.58218479943213,2.5,0.5,"rgb(200,200,200)","rgb(0,191,255)",6
470.65476145829126,245.62642833267554,2.5,0.5,"rgb(200,200,200)","rgb(0,191,255)",6
556.6959164351701,132.55991014747187,2.5,0.5,"rgb(200,200,200)","rgb(0,191,255)",6
580.8118648001274,292.53848907339477,2.5,0.5,"rgb(200,200,200)","rgb(0,191,255)",6
595.3893943720893,246.9515926226508,2.5,0.5,"rgb(200,200,200)","rgb(0,191,255)",6
434.17669899316616,235.76327840250883,2.5,0.5,"rgb(200,200,200)","rgb(0,191,255)",6
539.6091279237056,203.41840902949704,2.5,0.5,"rgb(200,200,200)","rgb(0,191,255)",6
660.0468332798397,140.60075903113966,2.5,0.5,"rgb(200,200,200)","rgb(0,191,255)",6
545.2047428454512,249.90916656951669,2.5,0.5,"rgb(200,200,200)","rgb(0,191,255)",6
599.7433279088305,213.2279121341613,2.5,0.5,"rgb(200,200,200)","rgb(0,191,255)",6
534.9094608897468,187.5868446222652,2.5,0.5,"rgb(200,200,200)","rgb(0,191,255)",6
446.8915695171924,320.7230884083456,2.5,0.5,"rgb(200,200,200)","rgb(0,191,255)",6
412.62975158492617,168.63501168755428,2.5,0.5,"rgb(200,200,200)","rgb(0,191,255)",6
603.1385266486794,133.43153691240107,2.5,0.5,"rgb(200,200,200)","rgb(0,191,255)",6
555.5087158948469,197.9835335732551,2.5,0.5,"rgb(200,200,200)","rgb(0,191,255)",6
523.0864461022761,232.3416575931937,2.5,0.5,"rgb(200,200,200)","rgb(0,191,255)",6
316.40022301983254,202.18189632383923,2.5,0.5,"rgb(200,200,200)","rgb(0,191,255)",6
338.146297889839,150.12143715202575,2.5,0.5,"rgb(200,200,200)","rgb(0,191,255)",6
443.98009668920923,214.29902010845726,2.5,0.5,"rgb(200,200,200)","rgb(0,191,255)",6
695.4117935950555,113.01185415401267,2.5,0.5,"rgb(200,200,200)","rgb(0,191,255)",6
476.1371354671962,123.66259416893925,2.5,0.5,"rgb(200,200,200)","rgb(0,191,255)",6
656.7044918016912,74.15442885688665,2.5,0.5,"rgb(200,200,200)","rgb(0,191,255)",6
153.6769009147951,334.6331564681023,2.5,0.5,"rgb(200,200,200)","rgb(0,191,255)",6
685.8915168934655,101.6822066618516,2.5,0.5,"rgb(200,200,200)","rgb(0,191,255)",6
366.50265910080856,330.7534470230819,2.5,0.5,"rgb(200,200,200)","rgb(0,191,255)",6
645.9899731525231,212.4897491975753,2.5,0.5,"rgb(200,200,200)","rgb(0,191,255)",6
588.0886509641093,121.12927779654744,2.5,0.5,"rgb(200,200,200)","rgb(0,191,255)",6
498.51958812387846,226.84451870501775,2.5,0.5,"rgb(200,200,200)","rgb(0,191,255)",6
665.0741050564542,108.62963646207785,2.5,0.5,"rgb(200,200,200)","rgb(0,191,255)",6
663.4325582389338,65.34189804493482,2.5,0.5,"rgb(200,200,200)","rgb(0,191,255)",6
568.2293666826791,92.0287271808644,2.5,0.5,"rgb(200,200,200)","rgb(0,191,255)",6
738.6795605092359,97.92787655644955,2.5,0.5,"rgb(200,200,200)","rgb(0,191,255)",6
201.68318670371883,199.60080095695204,2.5,0.5,"rgb(200,200,200)","rgb(0,191,255)",6
720.5841351864725,139.53324349059963,2.5,0.5,"rgb(200,200,200)","rgb(0,191,255)",6
464.8817828998307,141.19381074795854,2.5,0.5,"rgb(200,200,200)","rgb(0,191,255)",6
632.7565555933412,113.28593988048115,2.5,0.5,"rgb(200,200,200)","rgb(0,191,255)",6
458.1312427469542,245.00837986496532,2.5,0.5,"rgb(200,200,200)","rgb(0,191,255)",6
569.4123332308711,95.88020163614433,2.5,0.5,"rgb(200,200,200)","rgb(0,191,255)",6
605.7484486039671,93.67628518265103,2.5,0.5,"rgb(200,200,200)","rgb(0,191,255)",6
665.9449312695282,193.22757557431135,2.5,0.5,"rgb(200,200,200)","rgb(0,191,255)",6
282.12162170040136,210.63186923732982,2.5,0.5,"rgb(200,200,200)","rgb(0,191,255)",6
627.815649462768,158.9282493194874,2.5,0.5,"rgb(200,200,200)","rgb(0,191,255)",6
339.33838106951134,219.48312658459744,2.5,0.5,"rgb(200,200,200)","rgb(0,191,255)",6
384.50841482753566,119.36056436589244,2.5,0.5,"rgb(200,200,200)","rgb(0,191,255)",6
429.36450339355054,187.05422829894752,2.5,0.5,"rgb(200,200,200)","rgb(0,191,255)",6
384.36741745919386,114.50332558776367,2.5,0.5,"rgb(200,200,200)","rgb(0,191,255)",6
312.5084829459689,181.9864397653002,2.5,0.5,"rgb(200,200,200)","rgb(0,191,255)",6
571.0954323765015,180.0183588508956,2.5,0.5,"rgb(200,200,200)","rgb(0,191,255)",6
436.7065937712021,200.75618279770669,2.5,0.5,"rgb(200,200,200)","rgb(0,191,255)",6
309.4001254018135,132.51269178587347,2.5,0.5,"rgb(200,200,200)","rgb(0,191,255)",6
517.9298419521572,336.65923429611513,2.5,0.5,"rgb(200,200,200)","rgb(0,191,255)",6
650.3545618505601,137.05851389150652,2.5,0.5,"rgb(200,200,200)","rgb(0,191,255)",6
568.9765533707782,270.47276287015535,2.5,0.5,"rgb(200,200,200)","rgb(0,191,255)",6
507.15582317498036,251.85212241158737,2.5,0.5,"rgb(200,200,200)","rgb(0,191,255)",6
211.6451520435181,272.2089687534282,2.5,0.5,"rgb(200,200,200)","rgb(0,191,255)",6
519.5824263483033,260.05631452483595,2.5,0.5,"rgb(200,200,200)","rgb(0,191,255)",6
428.0285925588485,176.5232377764201,2.5,0.5,"rgb(200,200,200)","rgb(0,191,255)",6
310.69046545058893,254.14288268270917,2.5,0.5,"rgb(200,200,200)","rgb(0,191,255)",6
577.1683146886865,271.5616850011707,2.5,0.5,"rgb(200,200,200)","rgb(0,191,255)",6
548.3925497893191,272.0423210726061,2.5,0.5,"rgb(200,200,200)","rgb(0,191,255)",6
859.7218445923403,118.68607585320413,2.5,0.5,"rgb(200,200,200)","rgb(0,191,255)",6
807.9882854018242,100.06121712831498,2.5,0.5,"rgb(200,200,200)","rgb(0,191,255)",6
761.7787367054523,175.49258414831223,2.5,0.5,"rgb(200,200,200)","rgb(0,191,255)",6
651.2377678515816,164.16799812088504,2.5,0.5,"rgb(200,200,200)","rgb(0,191,255)",6
689.4898666336228,235.4172417186674,2.5,0.5,"rgb(200,200,200)","rgb(0,191,255)",6
699.6715472453476,157.80468093633917,2.5,0.5,"rgb(200,200,200)","rgb(0,191,255)",6
699.1712711391276,166.95699576206803,2.5,0.5,"rgb(200,200,200)","rgb(0,191,255)",6
362.5363203983476,110.82974243078101,2.5,0.5,"rgb(200,200,200)","rgb(0,191,255)",6
258.0286073584928,157.74148983777246,2.5,0.5,"rgb(200,200,200)","rgb(0,191,255)",6
562.7529149960093,175.04731856424385,2.5,0.5,"rgb(200,200,200)","rgb(0,191,255)",6
543.7605366885439,256.3499526954803,2.5,0.5,"rgb(200,200,200)","rgb(0,191,255)",6
513.6296953093697,138.46514783217913,2.5,0.5,"rgb(200,200,200)","rgb(0,191,255)",6
435.0090157918219,192.94328967600677,2.5,0.5,"rgb(200,200,200)","rgb(0,191,255)",6
549.389294482213,182.21871864036532,2.5,0.5,"rgb(200,200,200)","rgb(0,191,255)",6
629.1350752439939,238.83185648098183,2.5,0.5,"rgb(200,200,200)","rgb(0,191,255)",6
717.8530966274714,200.84787795294147,2.5,0.5,"rgb(200,200,200)","rgb(0,191,255)",6
592.4697352623537,226.37237380001466,2.5,0.5,"rgb(200,200,200)","rgb(0,191,255)",6
312.90373167542083,237.8277806425816,2.5,0.5,"rgb(200,200,200)","rgb(0,191,255)",6
485.7111317646615,173.22090809363914,2.5,0.5,"rgb(200,200,200)","rgb(0,191,255)",6
163.04699926880375,262.85523628684734,2.5,0.5,"rgb(200,200,200)","rgb(0,191,255)",6
563.7176529298205,176.75070288124257,2.5,0.5,"rgb(200,200,200)","rgb(0,191,255)",6
612.3980228386899,190.5000421824178,2.5,0.5,"rgb(200,200,200)","rgb(0,191,255)",6
174.72538955992363,237.255381710465,2.5,0.5,"rgb(200,200,200)","rgb(0,191,255)",6
233.82963378442037,252.1394604434397,2.5,0.5,"rgb(200,200,200)","rgb(0,191,255)",6
647.5174707772767,90.94261742746264,2.5,0.5,"rgb(200,200,200)","rgb(0,191,255)",6
288.67951854062596,224.52513119873214,2.5,0.5,"rgb(200,200,200)","rgb(0,191,255)",6
597.3827921502608,227.2783946455317,2.5,0.5,"rgb(200,200,200)","rgb(0,191,255)",6
431.63122581485277,242.7139489121883,2.5,0.5,"rgb(200,200,200)","rgb(0,191,255)",6
391.27135909649945,233.29157554440675,2.5,0.5,"rgb(200,200,200)","rgb(0,191,255)",6
630.2766276638574,69.35896244242478,2.5,0.5,"rgb(200,200,200)","rgb(0,191,255)",6
377.9301578255007,219.95642215499325,2.5,0.5,"rgb(200,200,200)","rgb(0,191,255)",6
342.24736850533793,262.4307739955516,2.5,0.5,"rgb(200,200,200)","rgb(0,191,255)",6
436.6025168569075,257.5174527964445,2.5,0.5,"rgb(200,200,200)","rgb(0,191,255)",6
447.3342197199577,269.1595824561267,2.5,0.5,"rgb(200,200,200)","rgb(0,191,255)",6
194.15715253528325,304.90696670679847,2.5,0.5,"rgb(200,200,200)","rgb(0,191,255)",6
710.3544380428145,253.85653036132217,2.5,0.5,"rgb(200,200,200)","rgb(0,191,255)",6
544.2875666976569,178.80623234063592,2.5,0.5,"rgb(200,200,200)","rgb(0,191,255)",6
231.55348857516984,272.1816310887218,2.5,0.5,"rgb(200,200,200)","rgb(0,191,255)",6
323.95810682984865,74.13673378259747,2.5,0.5,"rgb(200,200,200)","rgb(0,255,255)",7
126.39062447010869,212.19834999782762,2.5,0.5,"rgb(200,200,200)","rgb(0,255,255)",7
236.5895538898315,126.73688203346646,2.5,0.5,"rgb(200,200,200)","rgb(0,255,255)",7
103.67295543426194,166.07293343684535,2.5,0.5,"rgb(200,200,200)","rgb(0,255,255)",7
489.1626958936466,40.13393956462289,2.5,0.5,"rgb(200,200,200)","rgb(0,255,255)",7
241.03028602149794,149.26045546969476,2.5,0.5,"rgb(200,200,200)","rgb(0,255,255)",7
201.94004563135178,200.23458189147942,2.5,0.5,"rgb(200,200,200)","rgb(0,255,255)",7
287.0198693563467,102.13229895615305,2.5,0.5,"rgb(200,200,200)","rgb(0,255,255)",7
349.5842257877198,109.06910699590273,2.5,0.5,"rgb(200,200,200)","rgb(0,255,255)",7
130.2417340610266,134.6412841079217,2.5,0.5,"rgb(200,200,200)","rgb(0,255,255)",7
402.1661681807604,95.99040059007845,2.5,0.5,"rgb(200,200,200)","rgb(0,255,255)",7
263.10434304055264,85.20185377820489,2.5,0.5,"rgb(200,200,200)","rgb(0,255,255)",7
313.7867961295308,97.10340190764921,2.5,0.5,"rgb(200,200,200)","rgb(0,255,255)",7
139.67455351668482,222.28629234971336,2.5,0.5,"rgb(200,200,200)","rgb(0,255,255)",7
172.1499479565674,245.73008898572934,2.5,0.5,"rgb(200,200,200)","rgb(0,255,255)",7
252.87071970836323,161.74273216101912,2.5,0.5,"rgb(200,200,200)","rgb(0,255,255)",7
355.9837693753764,134.32683378783761,2.5,0.5,"rgb(200,200,200)","rgb(0,255,255)",7
97.25168623499772,284.6599011673587,2.5,0.5,"rgb(200,200,200)","rgb(0,255,255)",7
432.0655773798462,82.03890254295497,2.5,0.5,"rgb(200,200,200)","rgb(0,255,255)",7
396.82460794398384,102.95892015653885,2.5,0.5,"rgb(200,200,200)","rgb(0,255,255)",7
465.027377993517,40.847306817551065,2.5,0.5,"rgb(200,200,200)","rgb(0,255,255)",7
167.09859549880252,166.4809103844256,2.5,0.5,"rgb(200,200,200)","rgb(0,255,255)",7
461.2006982596772,65.5217783946517,2.5,0.5,"rgb(200,200,200)","rgb(0,255,255)",7
374.5061727434852,74.07490731913802,2.5,0.5,"rgb(200,200,200)","rgb(0,255,255)",7
226.4536843059198,129.20408280696466,2.5,0.5,"rgb(200,200,200)","rgb(0,255,255)",7
330.37431056131265,20.69823575187529,2.5,0.5,"rgb(200,200,200)","rgb(0,255,255)",7
172.40055031287466,170.74423503110626,2.5,0.5,"rgb(200,200,200)","rgb(0,255,255)",7
343.7816387741565,41.516715284743874,2.5,0.5,"rgb(200,200,200)","rgb(0,255,255)",7
200.9229486126958,93.99540994594877,2.5,0.5,"rgb(200,200,200)","rgb(0,255,255)",7
308.4537849961367,56.38346000475251,2.5,0.5,"rgb(200,200,200)","rgb(0,255,255)",7
236.8223241616276,104.63654782996875,2.5,0.5,"rgb(200,200,200)","rgb(0,255,255)",7
207.344134418845,112.47360382722225,2.5,0.5,"rgb(200,200,200)","rgb(0,255,255)",7
293.1442394473403,81.17451574000673,2.5,0.5,"rgb(200,200,200)","rgb(0,255,255)",7
344.56224335049035,62.055913845996294,2.5,0.5,"rgb(200,200,200)","rgb(0,255,255)",7
501.20129863529684,136.61582560089707,2.5,0.5,"rgb(200,200,200)","rgb(0,255,255)",7
387.21238113579676,77.63097378256809,2.5,0.5,"rgb(200,200,200)","rgb(0,255,255)",7
273.7167857210945,134.23823209523212,2.5,0.5,"rgb(200,200,200)","rgb(0,255,255)",7
86.818319993866,265.9505776330031,2.5,0.5,"rgb(200,200,200)","rgb(0,255,255)",7
552.2856426270433,52.521516787145245,2.5,0.5,"rgb(200,200,200)","rgb(0,255,255)",7
467.0253684179573,57.51463250121226,2.5,0.5,"rgb(200,200,200)","rgb(0,255,255)",7
181.7545262367465,144.5719301988824,2.5,0.5,"rgb(200,200,200)","rgb(0,255,255)",7
269.0998184401363,90.02100833912652,2.5,0.5,"rgb(200,200,200)","rgb(0,255,255)",7
221.29459108604024,132.61983444729248,2.5,0.5,"rgb(200,200,200)","rgb(0,255,255)",7
83.79414941546005,174.87778400273342,2.5,0.5,"rgb(200,200,200)","rgb(0,255,255)",7
487.88213826902955,66.02628390254529,2.5,0.5,"rgb(200,200,200)","rgb(0,255,255)",7
305.65020854790066,116.93989829252753,2.5,0.5,"rgb(200,200,200)","rgb(0,255,255)",7
583.8108115310197,63.08868904516646,2.5,0.5,"rgb(200,200,200)","rgb(0,255,255)",7
463.68745075046706,133.770863960756,2.5,0.5,"rgb(200,200,200)","rgb(0,255,255)",7
282.78237640114014,152.97890974412672,2.5,0.5,"rgb(200,200,200)","rgb(0,255,255)",7
145.48613590098824,140.0402153477639,2.5,0.5,"rgb(200,200,200)","rgb(0,255,255)",7
416.4527250676125,184.14579654831522,2.5,0.5,"rgb(200,200,200)","rgb(0,255,255)",7
299.24855431354206,218.00819961192497,2.5,0.5,"rgb(200,200,200)","rgb(0,255,255)",7
376.15391371332873,72.69457883934872,2.5,0.5,"rgb(200,200,200)","rgb(0,255,255)",7
160.3138622049887,265.64082260315166,2.5,0.5,"rgb(200,200,200)","rgb(0,255,255)",7
94.04540911536188,166.99384960419408,2.5,0.5,"rgb(200,200,200)","rgb(0,255,255)",7
518.8742772500991,104.53855236169451,2.5,0.5,"rgb(200,200,200)","rgb(0,255,255)",7
355.2147033401914,60.15866247662059,2.5,0.5,"rgb(200,200,200)","rgb(0,255,255)",7
98.58912562406772,275.290707231144,2.5,0.5,"rgb(200,200,200)","rgb(0,255,255)",7
392.5339849354524,105.14878913374999,2.5,0.5,"rgb(200,200,200)","rgb(0,255,255)",7
269.8567365688526,142.0902405667852,2.5,0.5,"rgb(200,200,200)","rgb(0,255,255)",7
236.1989577981861,210.23274962490578,2.5,0.5,"rgb(200,200,200)","rgb(0,255,255)",7
252.1285169835168,139.15145659209696,2.5,0.5,"rgb(200,200,200)","rgb(0,255,255)",7
496.310398067266,38.996662257819864,2.5,0.5,"rgb(200,200,200)","rgb(0,255,255)",7
134.5248381238001,319.6835037066693,2.5,0.5,"rgb(200,200,200)","rgb(0,255,255)",7
271.01139537558777,153.46505714884765,2.5,0.5,"rgb(200,200,200)","rgb(0,255,255)",7
239.44043817485098,110.91938743683495,2.5,0.5,"rgb(200,200,200)","rgb(0,255,255)",7
439.2714076839501,80.44518641814861,2.5,0.5,"rgb(200,200,200)","rgb(0,255,255)",7
99.54686816795115,213.18340731417797,2.5,0.5,"rgb(200,200,200)","rgb(0,255,255)",7
170.4775636329736,132.63841456350812,2.5,0.5,"rgb(200,200,200)","rgb(0,255,255)",7
455.783982891707,105.26876291055234,2.5,0.5,"rgb(200,200,200)","rgb(0,255,255)",7
47.073919490512665,302.929192892996,2.5,0.5,"rgb(200,200,200)","rgb(0,255,255)",7
349.61292360839644,148.0067110185744,2.5,0.5,"rgb(200,200,200)","rgb(0,255,255)",7
154.02507864930004,120.07800921489081,2.5,0.5,"rgb(200,200,200)","rgb(0,255,255)",7
344.6122073654059,101.12321173633325,2.5,0.5,"rgb(200,200,200)","rgb(0,255,255)",7
282.86622398103174,130.49974087788098,2.5,0.5,"rgb(200,200,200)","rgb(0,255,255)",7
471.08979256330804,47.01306538057556,2.5,0.5,"rgb(200,200,200)","rgb(0,255,255)",7
370.11999076654513,103.1462990689705,2.5,0.5,"rgb(200,200,200)","rgb(0,255,255)",7
416.7626232015735,55.38379765205307,2.5,0.5,"rgb(200,200,200)","rgb(0,255,255)",7
138.76411362710678,226.9323110721742,2.5,0.5,"rgb(200,200,200)","rgb(0,255,255)",7
272.1199466617365,92.31754250640157,2.5,0.5,"rgb(200,200,200)","rgb(0,255,255)",7
219.41716729041227,120.94046968073978,2.5,0.5,"rgb(200,200,200)","rgb(0,255,255)",7
309.56197874867047,130.1295330684634,2.5,0.5,"rgb(200,200,200)","rgb(0,255,255)",7
230.20535740737552,82.281219507818,2.5,0.5,"rgb(200,200,200)","rgb(0,255,255)",7
191.52495142637176,122.60247410323021,2.5,0.5,"rgb(200,200,200)","rgb(0,255,255)",7
188.72157657649595,212.24581303867967,2.5,0.5,"rgb(200,200,200)","rgb(0,255,255)",7
217.14632111571277,94.23129501926367,2.5,0.5,"rgb(200,200,200)","rgb(0,255,255)",7
244.00675586418046,178.44225692269913,2.5,0.5,"rgb(200,200,200)","rgb(0,255,255)",7
350.2789393608518,93.64935976821546,2.5,0.5,"rgb(200,200,200)","rgb(0,255,255)",7
367.91233733635556,95.20074342619198,2.5,0.5,"rgb(200,200,200)","rgb(0,255,255)",7
119.95423771352698,159.45029059927467,2.5,0.5,"rgb(200,200,200)","rgb(0,255,255)",7
202.31586596018374,144.23071721256838,2.5,0.5,"rgb(200,200,200)","rgb(0,255,255)",7
282.82659303907474,116.96065821304164,2.5,0.5,"rgb(200,200,200)","rgb(0,255,255)",7
278.05496811552973,118.50028486071446,2.5,0.5,"rgb(200,200,200)","rgb(0,255,255)",7
222.9782682804358,121.52574206736521,2.5,0.5,"rgb(200,200,200)","rgb(0,255,255)",7
529.1551980451079,50.93237789222057,2.5,0.5,"rgb(200,200,200)","rgb(0,255,255)",7
73.79610417611207,294.0211628668808,2.5,0.5,"rgb(200,200,200)","rgb(0,255,255)",7
170.4612030805502,129.93984633256514,2.5,0.5,"rgb(200,200,200)","rgb(0,255,255)",7
188.84915194839246,110.53195721321315,2.5,0.5,"rgb(200,200,200)","rgb(0,255,255)",7
325.46194078086177,62.812272461627046,2.5,0.5,"rgb(200,200,200)","rgb(0,255,255)",7
373.73807842386174,110.78480857237612,2.5,0.5,"rgb(200,200,200)","rgb(0,255,255)",7
248.715915423191,330.1388946777478,2.5,0.5,"rgb(200,200,200)","rgb(138,43,226)",8
365.90999581505946,405.63900854346673,2.5,0.5,"rgb(200,200,200)","rgb(138,43,226)",8
333.07275805281427,346.42114815877295,2.5,0.5,"rgb(200,200,200)","rgb(138,43,226)",8
263.8256269291661,257.2073779807482,2.5,0.5,"rgb(200,200,200)","rgb(138,43,226)",8
306.5303488983873,254.02752090997114,2.5,0.5,"rgb(200,200,200)","rgb(138,43,226)",8
328.211293747,353.0730065580668,2.5,0.5,"rgb(200,200,200)","rgb(138,43,226)",8
314.33647971117455,287.585226163542,2.5,0.5,"rgb(200,200,200)","rgb(138,43,226)",8
338.31145162941937,307.15685025380174,2.5,0.5,"rgb(200,200,200)","rgb(138,43,226)",8
347.77393669298374,378.54754224936977,2.5,0.5,"rgb(200,200,200)","rgb(138,43,226)",8
180.29863890114135,365.64079352293845,2.5,0.5,"rgb(200,200,200)","rgb(138,43,226)",8
232.72834945759777,280.4905492888977,2.5,0.5,"rgb(200,200,200)","rgb(138,43,226)",8
436.1774787324704,370.8793701585754,2.5,0.5,"rgb(200,200,200)","rgb(138,43,226)",8
260.0411987959466,212.60832822418928,2.5,0.5,"rgb(200,200,200)","rgb(138,43,226)",8
414.1825120202914,185.2448359771193,2.5,0.5,"rgb(200,200,200)","rgb(138,43,226)",8
253.74134868818638,360.21027305924235,2.5,0.5,"rgb(200,200,200)","rgb(138,43,226)",8
340.0851793114509,339.05311269939523,2.5,0.5,"rgb(200,200,200)","rgb(138,43,226)",8
605.973485232122,365.5743039562359,2.5,0.5,"rgb(200,200,200)","rgb(138,43,226)",8
106.90619513401847,275.4363487696825,2.5,0.5,"rgb(200,200,200)","rgb(138,43,226)",8
459.07187431051887,373.6430160479084,2.5,0.5,"rgb(200,200,200)","rgb(138,43,226)",8
494.17948911887106,306.57047171714026,2.5,0.5,"rgb(200,200,200)","rgb(138,43,226)",8
346.6683943048794,369.6309188699358,2.5,0.5,"rgb(200,200,200)","rgb(138,43,226)",8
175.0764242509078,328.0843744204124,2.5,0.5,"rgb(200,200,200)","rgb(138,43,226)",8
413.411864753383,210.63939041477883,2.5,0.5,"rgb(200,200,200)","rgb(138,43,226)",8
531.3045997288721,322.6277065705158,2.5,0.5,"rgb(200,200,200)","rgb(138,43,226)",8
352.6872970676546,366.02796861741535,2.5,0.5,"rgb(200,200,200)","rgb(138,43,226)",8
391.4652195528166,345.8117671208523,2.5,0.5,"rgb(200,200,200)","rgb(138,43,226)",8
574.8603083416574,308.20556670748965,2.5,0.5,"rgb(200,200,200)","rgb(138,43,226)",8
223.3667545330552,320.3916506636075,2.5,0.5,"rgb(200,200,200)","rgb(138,43,226)",8
411.9124351438145,273.189173512715,2.5,0.5,"rgb(200,200,200)","rgb(138,43,226)",8
369.6372752207394,352.2986385091023,2.5,0.5,"rgb(200,200,200)","rgb(138,43,226)",8
494.6856799888168,332.8513353131066,2.5,0.5,"rgb(200,200,200)","rgb(138,43,226)",8
390.0263543551042,325.6159015795619,2.5,0.5,"rgb(200,200,200)","rgb(138,43,226)",8
151.64568715563445,226.48989258811798,2.5,0.5,"rgb(200,200,200)","rgb(138,43,226)",8
361.1954016594856,307.86191131820397,2.5,0.5,"rgb(200,200,200)","rgb(138,43,226)",8
399.30706095921215,322.60198292003554,2.5,0.5,"rgb(200,200,200)","rgb(138,43,226)",8
267.4685627939666,305.5347509024433,2.5,0.5,"rgb(200,200,200)","rgb(138,43,226)",8
437.2873708348053,234.8724468757202,2.5,0.5,"rgb(200,200,200)","rgb(138,43,226)",8
494.4097922231501,263.26297075355086,2.5,0.5,"rgb(200,200,200)","rgb(138,43,226)",8
370.12863783088835,347.12627193975175,2.5,0.5,"rgb(200,200,200)","rgb(138,43,226)",8
269.72415700114414,367.60555448443165,2.5,0.5,"rgb(200,200,200)","rgb(138,43,226)",8
489.853285419376,294.8492013441685,2.5,0.5,"rgb(200,200,200)","rgb(138,43,226)",8
511.3929808261112,211.65375526558336,2.5,0.5,"rgb(200,200,200)","rgb(138,43,226)",8
267.51628222002,257.01663498186133,2.5,0.5,"rgb(200,200,200)","rgb(138,43,226)",8
467.31177586633413,280.711664902124,2.5,0.5,"rgb(200,200,200)","rgb(138,43,226)",8
330.12316892952697,349.59029810558394,2.5,0.5,"rgb(200,200,200)","rgb(138,43,226)",8
437.7048561104119,388.1271032163162,2.5,0.5,"rgb(200,200,200)","rgb(138,43,226)",8
361.2575710817438,340.7022713877738,2.5,0.5,"rgb(200,200,200)","rgb(138,43,226)",8
296.5074759654406,364.0835276387734,2.5,0.5,"rgb(200,200,200)","rgb(138,43,226)",8
353.21245142061565,296.5885899690559,2.5,0.5,"rgb(200,200,200)","rgb(138,43,226)",8
446.0334202520797,347.8955757315797,2.5,0.5,"rgb(200,200,200)","rgb(138,43,226)",8
356.3105892954392,237.53941009818718,2.5,0.5,"rgb(200,200,200)","rgb(138,43,226)",8
327.76437791079195,160.3586011135526,2.5,0.5,"rgb(200,200,200)","rgb(138,43,226)",8
274.8394374105645,279.1036103888008,2.5,0.5,"rgb(200,200,200)","rgb(138,43,226)",8
299.83544919673034,413.7393207214627,2.5,0.5,"rgb(200,200,200)","rgb(138,43,226)",8
191.86691532936615,252.78053294609626,2.5,0.5,"rgb(200,200,200)","rgb(138,43,226)",8
282.9054814641531,393.4420670961803,2.5,0.5,"rgb(200,200,200)","rgb(138,43,226)",8
183.44664105924025,274.72875462595505,2.5,0.5,"rgb(200,200,200)","rgb(138,43,226)",8
174.0470503159952,235.6310070524064,2.5,0.5,"rgb(200,200,200)","rgb(138,43,226)",8
330.61189892216544,420.8338613487425,2.5,0.5,"rgb(200,200,200)","rgb(138,43,226)",8
262.468816515076,273.3829221843488,2.5,0.5,"rgb(200,200,200)","rgb(138,43,226)",8
340.2971469622074,245.0608086128328,2.5,0.5,"rgb(200,200,200)","rgb(138,43,226)",8
195.2683187024614,276.79621662994816,2.5,0.5,"rgb(200,200,200)","rgb(138,43,226)",8
410.02164545868635,283.7352555420527,2.5,0.5,"rgb(200,200,200)","rgb(138,43,226)",8
734.2204972405341,188.05658851402637,2.5,0.5,"rgb(200,200,200)","rgb(138,43,226)",8
416.4524471790161,217.72320946465553,2.5,0.5,"rgb(200,200,200)","rgb(138,43,226)",8
386.2755983139709,305.7327944164475,2.5,0.5,"rgb(200,200,200)","rgb(138,43,226)",8
423.70843576885943,349.4878279416768,2.5,0.5,"rgb(200,200,200)","rgb(138,43,226)",8
462.7755426995674,318.3655704091726,2.5,0.5,"rgb(200,200,200)","rgb(138,43,226)",8
468.1769299791566,306.933082347928,2.5,0.5,"rgb(200,200,200)","rgb(138,43,226)",8
278.42411779038036,304.52346030387844,2.5,0.5,"rgb(200,200,200)","rgb(138,43,226)",8
394.69267550956454,368.26848767003855,2.5,0.5,"rgb(200,200,200)","rgb(138,43,226)",8
350.2524126641275,278.90958205424846,2.5,0.5,"rgb(200,200,200)","rgb(138,43,226)",8
273.24017577519527,254.89781277993544,2.5,0.5,"rgb(200,200,200)","rgb(138,43,226)",8
298.19981300409773,401.59544789202204,2.5,0.5,"rgb(200,200,200)","rgb(138,43,226)",8
431.0606950092225,303.8525382195198,2.5,0.5,"rgb(200,200,200)","rgb(138,43,226)",8
516.8329538451271,333.20154294244963,2.5,0.5,"rgb(200,200,200)","rgb(138,43,226)",8
209.94511112913878,269.5912331457256,2.5,0.5,"rgb(200,200,200)","rgb(138,43,226)",8
468.91353776779215,336.65364718179563,2.5,0.5,"rgb(200,200,200)","rgb(138,43,226)",8
165.51791840815864,260.56415156072757,2.5,0.5,"rgb(200,200,200)","rgb(138,43,226)",8
407.3524643996292,403.1320996601418,2.5,0.5,"rgb(200,200,200)","rgb(138,43,226)",8
465.60245323398266,321.952696613263,2.5,0.5,"rgb(200,200,200)","rgb(138,43,226)",8
449.7027560951275,318.93788684294225,2.5,0.5,"rgb(200,200,200)","rgb(138,43,226)",8
449.33041226217136,315.4123485527799,2.5,0.5,"rgb(200,200,200)","rgb(138,43,226)",8
210.71326347142013,307.9443647736977,2.5,0.5,"rgb(200,200,200)","rgb(138,43,226)",8
259.64976809681497,387.9715598635233,2.5,0.5,"rgb(200,200,200)","rgb(138,43,226)",8
529.4772997011867,194.14510123418353,2.5,0.5,"rgb(200,200,200)","rgb(138,43,226)",8
370.59391836406235,255.1679666992255,2.5,0.5,"rgb(200,200,200)","rgb(138,43,226)",8
239.85881356746623,300.2695703718549,2.5,0.5,"rgb(200,200,200)","rgb(138,43,226)",8
282.0357226306349,293.72605201438705,2.5,0.5,"rgb(200,200,200)","rgb(138,43,226)",8
333.0191199232887,232.07499948918502,2.5,0.5,"rgb(200,200,200)","rgb(138,43,226)",8
246.8679298057653,354.8509154152247,2.5,0.5,"rgb(200,200,200)","rgb(138,43,226)",8
341.8916510188484,255.36005604946413,2.5,0.5,"rgb(200,200,200)","rgb(138,43,226)",8
564.1364013006988,365.7266818339373,2.5,0.5,"rgb(200,200,200)","rgb(138,43,226)",8
246.82432139057647,375.1867961180252,2.5,0.5,"rgb(200,200,200)","rgb(138,43,226)",8
243.53440875556493,245.44474490849962,2.5,0.5,"rgb(200,200,200)","rgb(138,43,226)",8
186.15531056935737,292.19014615559024,2.5,0.5,"rgb(200,200,200)","rgb(138,43,226)",8
562.3948057954202,351.8481187927081,2.5,0.5,"rgb(200,200,200)","rgb(138,43,226)",8
287.86796802677964,323.14232271891746,2.5,0.5,"rgb(200,200,200)","rgb(138,43,226)",8
353.26654758179814,316.881357164993,2.5,0.5,"rgb(200,200,200)","rgb(138,43,226)",8
449.0362138574068,309.5301568508588,2.5,0.5,"rgb(200,200,200)","rgb(138,43,226)",8
227.756064005553,112.28037449140399,2.5,0.5,"rgb(200,200,200)","rgb(255,0,127)",9
109.4758678016738,226.25486083491296,2.5,0.5,"rgb(200,200,200)","rgb(255,0,127)",9
166.2467783817414,196.97101372914693,2.5,0.5,"rgb(200,200,200)","rgb(255,0,127)",9
162.16135763974575,218.59695080341862,2.5,0.5,"rgb(200,200,200)","rgb(255,0,127)",9
150.09683938048315,241.73601370633023,2.5,0.5,"rgb(200,200,200)","rgb(255,0,127)",9
284.9658096895945,90.99991052532876,2.5,0.5,"rgb(200,200,200)","rgb(255,0,127)",9
290.96876067147576,220.43293815769772,2.5,0.5,"rgb(200,200,200)","rgb(255,0,127)",9
310.0960871500207,91.47188600243987,2.5,0.5,"rgb(200,200,200)","rgb(255,0,127)",9
190.7637185297821,129.6218133485741,2.5,0.5,"rgb(200,200,200)","rgb(255,0,127)",9
575.4740709562208,272.84098044665916,2.5,0.5,"rgb(200,200,200)","rgb(255,0,127)",9
340.02928048497824,71.27945409982087,2.5,0.5,"rgb(200,200,200)","rgb(255,0,127)",9
368.55829941799215,127.47038119187417,2.5,0.5,"rgb(200,200,200)","rgb(255,0,127)",9
368.6535432821173,56.94988658456843,2.5,0.5,"rgb(200,200,200)","rgb(255,0,127)",9
128.10619253892423,181.01803701856278,2.5,0.5,"rgb(200,200,200)","rgb(255,0,127)",9
131.51325371937133,189.39520837689884,2.5,0.5,"rgb(200,200,200)","rgb(255,0,127)",9
349.83655200153413,107.43495893885526,2.5,0.5,"rgb(200,200,200)","rgb(255,0,127)",9
242.44848622105292,108.01975450574392,2.5,0.5,"rgb(200,200,200)","rgb(255,0,127)",9
388.4583591643978,94.45381957917422,2.5,0.5,"rgb(200,200,200)","rgb(255,0,127)",9
284.0658899608029,88.95582405723913,2.5,0.5,"rgb(200,200,200)","rgb(255,0,127)",9
375.673756328605,82.1595910723911,2.5,0.5,"rgb(200,200,200)","rgb(255,0,127)",9
180.45295717374808,168.38630959065148,2.5,0.5,"rgb(200,200,200)","rgb(255,0,127)",9
260.0903507425575,68.83619393665352,2.5,0.5,"rgb(200,200,200)","rgb(255,0,127)",9
289.21518199102604,200.92671035188764,2.5,0.5,"rgb(200,200,200)","rgb(255,0,127)",9
194.63830770830887,123.49458593616748,2.5,0.5,"rgb(200,200,200)","rgb(255,0,127)",9
205.85128591002695,141.01544609162818,2.5,0.5,"rgb(200,200,200)","rgb(255,0,127)",9
224.08895990985192,146.61020327468356,2.5,0.5,"rgb(200,200,200)","rgb(255,0,127)",9
286.01433510066965,132.98320390209213,2.5,0.5,"rgb(200,200,200)","rgb(255,0,127)",9
190.8965298524597,147.67635093043444,2.5,0.5,"rgb(200,200,200)","rgb(255,0,127)",9
217.05053624206562,118.51576023575701,2.5,0.5,"rgb(200,200,200)","rgb(255,0,127)",9
269.16219202563735,126.91835831141609,2.5,0.5,"rgb(200,200,200)","rgb(255,0,127)",9
200.46350348949332,152.3609058321835,2.5,0.5,"rgb(200,200,200)","rgb(255,0,127)",9
201.52712631172784,153.95493228038217,2.5,0.5,"rgb(200,200,200)","rgb(255,0,127)",9
177.0833269851824,171.8446224364823,2.5,0.5,"rgb(200,200,200)","rgb(255,0,127)",9
272.0040862125301,172.63575261068755,2.5,0.5,"rgb(200,200,200)","rgb(255,0,127)",9
381.87676756344473,127.95947183866285,2.5,0.5,"rgb(200,200,200)","rgb(255,0,127)",9
393.81357235378977,94.48766132528888,2.5,0.5,"rgb(200,200,200)","rgb(255,0,127)",9
317.1211806798354,91.31238688923034,2.5,0.5,"rgb(200,200,200)","rgb(255,0,127)",9
382.8142966958944,254.8754753654648,2.5,0.5,"rgb(200,200,200)","rgb(255,0,127)",9
281.1914700315921,94.85802764897596,2.5,0.5,"rgb(200,200,200)","rgb(255,0,127)",9
292.16990289728454,80.92501447034667,2.5,0.5,"rgb(200,200,200)","rgb(255,0,127)",9
210.40526909738938,137.0423096258108,2.5,0.5,"rgb(200,200,200)","rgb(255,0,127)",9
334.0817285672278,106.67695415249963,2.5,0.5,"rgb(200,200,200)","rgb(255,0,127)",9
374.894971499618,87.04011824208537,2.5,0.5,"rgb(200,200,200)","rgb(255,0,127)",9
254.38257883385495,146.3155615807976,2.5,0.5,"rgb(200,200,200)","rgb(255,0,127)",9
272.32780517982127,136.6943987524487,2.5,0.5,"rgb(200,200,200)","rgb(255,0,127)",9
317.6052793802746,142.4948569569685,2.5,0.5,"rgb(200,200,200)","rgb(255,0,127)",9
245.02959848429742,163.74019994005207,2.5,0.5,"rgb(200,200,200)","rgb(255,0,127)",9
347.64649540363445,166.5695648402504,2.5,0.5,"rgb(200,200,200)","rgb(255,0,127)",9
224.46545294299958,152.50876783477136,2.5,0.5,"rgb(200,200,200)","rgb(255,0,127)",9
239.47961116967502,138.63600695159104,2.5,0.5,"rgb(200,200,200)","rgb(255,0,127)",9
242.70851920738286,151.71921392754982,2.5,0.5,"rgb(200,200,200)","rgb(255,0,127)",9
318.7461721226229,77.32895489668708,2.5,0.5,"rgb(200,200,200)","rgb(255,0,127)",9
305.0917930780596,197.87105794242714,2.5,0.5,"rgb(200,200,200)","rgb(255,0,127)",9
239.25157829583674,141.46310612537744,2.5,0.5,"rgb(200,200,200)","rgb(255,0,127)",9
236.33314030802165,200.05888870241853,2.5,0.5,"rgb(200,200,200)","rgb(255,0,127)",9
207.15632427160085,250.9939784260594,2.5,0.5,"rgb(200,200,200)","rgb(255,0,127)",9
424.12395957701847,93.05185959623047,2.5,0.5,"rgb(200,200,200)","rgb(255,0,127)",9
294.5303153434293,140.11352808716236,2.5,0.5,"rgb(200,200,200)","rgb(255,0,127)",9
209.34171998469066,237.18895207613664,2.5,0.5,"rgb(200,200,200)","rgb(255,0,127)",9
396.27047696572197,86.26536070866173,2.5,0.5,"rgb(200,200,200)","rgb(255,0,127)",9
247.63511539381415,148.4591789427866,2.5,0.5,"rgb(200,200,200)","rgb(255,0,127)",9
322.85951618450235,115.95698917837296,2.5,0.5,"rgb(200,200,200)","rgb(255,0,127)",9
176.49280990586166,268.6655333395118,2.5,0.5,"rgb(200,200,200)","rgb(255,0,127)",9
308.6253500472695,185.2352690791873,2.5,0.5,"rgb(200,200,200)","rgb(255,0,127)",9
148.2062584257375,209.29098611780074,2.5,0.5,"rgb(200,200,200)","rgb(255,0,127)",9
105.89687455914664,197.93384255241537,2.5,0.5,"rgb(200,200,200)","rgb(255,0,127)",9
274.7652270913173,215.42487578788376,2.5,0.5,"rgb(200,200,200)","rgb(255,0,127)",9
287.4434951545335,144.64857759582418,2.5,0.5,"rgb(200,200,200)","rgb(255,0,127)",9
575.3022744191125,62.754730715278285,2.5,0.5,"rgb(200,200,200)","rgb(255,0,127)",9
269.39610780199456,233.83080470597793,2.5,0.5,"rgb(200,200,200)","rgb(255,0,127)",9
94.47457916156887,307.29554727444366,2.5,0.5,"rgb(200,200,200)","rgb(255,0,127)",9
419.7727487418756,89.63402969956198,2.5,0.5,"rgb(200,200,200)","rgb(255,0,127)",9
519.0227662225634,150.55440808690634,2.5,0.5,"rgb(200,200,200)","rgb(255,0,127)",9
302.2408377299964,128.2667033971522,2.5,0.5,"rgb(200,200,200)","rgb(255,0,127)",9
400.4687700531341,99.19786163250026,2.5,0.5,"rgb(200,200,200)","rgb(255,0,127)",9
474.9552412470608,77.9141776474224,2.5,0.5,"rgb(200,200,200)","rgb(255,0,127)",9
79.63787740793032,173.5524356536846,2.5,0.5,"rgb(200,200,200)","rgb(255,0,127)",9
440.40528258868915,102.61887497978907,2.5,0.5,"rgb(200,200,200)","rgb(255,0,127)",9
595.4043982272636,39.98859342636668,2.5,0.5,"rgb(200,200,200)","rgb(255,0,127)",9
370.4274634211958,99.91777361794134,2.5,0.5,"rgb(200,200,200)","rgb(255,0,127)",9
510.87871152323515,80.05376731282497,2.5,0.5,"rgb(200,200,200)","rgb(255,0,127)",9
374.3322183345708,119.78927218152532,2.5,0.5,"rgb(200,200,200)","rgb(255,0,127)",9
400.8961788811298,181.82781736342818,2.5,0.5,"rgb(200,200,200)","rgb(255,0,127)",9
518.3925854150282,69.60964560459783,2.5,0.5,"rgb(200,200,200)","rgb(255,0,127)",9
361.9176732317959,119.00482030425599,2.5,0.5,"rgb(200,200,200)","rgb(255,0,127)",9
355.6797461697889,61.57834715619549,2.5,0.5,"rgb(200,200,200)","rgb(255,0,127)",9
281.925356815687,85.77396491879729,2.5,0.5,"rgb(200,200,200)","rgb(255,0,127)",9
145.12143857127177,216.91064763533277,2.5,0.5,"rgb(200,200,200)","rgb(255,0,127)",9
476.96343579462155,80.99323977438974,2.5,0.5,"rgb(200,200,200)","rgb(255,0,127)",9
265.23744699339176,160.01776653316287,2.5,0.5,"rgb(200,200,200)","rgb(255,0,127)",9
105.68408417760429,234.9610189636136,2.5,0.5,"rgb(200,200,200)","rgb(255,0,127)",9
478.35498960804324,70.35065356823722,2.5,0.5,"rgb(200,200,200)","rgb(255,0,127)",9
131.35403353206615,206.84880022589397,2.5,0.5,"rgb(200,200,200)","rgb(255,0,127)",9
859.8261830317679,210.7644962017535,2.5,0.5,"rgb(200,200,200)","rgb(255,0,127)",9
481.8672845660346,98.845344480046,2.5,0.5,"rgb(200,200,200)","rgb(255,0,127)",9
652.7594864272695,48.848393868294735,2.5,0.5,"rgb(200,200,200)","rgb(255,0,127)",9
325.601370726573,123.57838241380166,2.5,0.5,"rgb(200,200,200)","rgb(255,0,127)",9
426.8023228821518,58.49142994721649,2.5,0.5,"rgb(200,200,200)","rgb(255,0,127)",9
354.5434015776999,233.8574082367361,2.5,0.5,"rgb(200,200,200)","rgb(255,0,127)",9
160.8962465307928,191.5181197303868,2.5,0.5,"rgb(200,200,200)","rgb(255,0,127)",9
